original_peptide,mutation_peptide,mutation_position_AAtype,mutation_AA_number,sequence similarity,HLA,HLA_sequence,y_pred,y_prob
ELFRSGLDSY,ELFRSGLDSY,,1,1.0,HLA-A*68:01,YYAMYRNNVAQTDVDTLYIMYRDYTWAVWAYTWY,1,0.9993
ELFRSGLDSY,ELFRSGLVSY,8|D/V,1,0.9,HLA-A*68:01,YYAMYRNNVAQTDVDTLYIMYRDYTWAVWAYTWY,1,0.986
ELFRSGLDSY,ELIRSGLDSY,3|F/I,1,0.9,HLA-A*68:01,YYAMYRNNVAQTDVDTLYIMYRDYTWAVWAYTWY,1,0.9999
ELFRSGLDSY,ELFRSGLDSF,10|Y/F,1,0.9,HLA-A*68:01,YYAMYRNNVAQTDVDTLYIMYRDYTWAVWAYTWY,0,0.0
ELFRSGLDSY,EEFRSGLDSY,2|L/E,1,0.9,HLA-A*68:01,YYAMYRNNVAQTDVDTLYIMYRDYTWAVWAYTWY,1,0.8668
ELFRSGLDSY,SLFRSGLDSY,1|E/S,1,0.9,HLA-A*68:01,YYAMYRNNVAQTDVDTLYIMYRDYTWAVWAYTWY,1,0.9995
ELFRSGLDSY,ERFRSGLDSY,2|L/R,1,0.9,HLA-A*68:01,YYAMYRNNVAQTDVDTLYIMYRDYTWAVWAYTWY,0,0.0965
ELFRSGLDSY,ELFRSGLDSL,10|Y/L,1,0.9,HLA-A*68:01,YYAMYRNNVAQTDVDTLYIMYRDYTWAVWAYTWY,0,0.0
ELFRSGLDSY,ELFRSGLISY,8|D/I,1,0.9,HLA-A*68:01,YYAMYRNNVAQTDVDTLYIMYRDYTWAVWAYTWY,1,0.9989
ELFRSGLDSY,ELLRSGLDSY,3|F/L,1,0.9,HLA-A*68:01,YYAMYRNNVAQTDVDTLYIMYRDYTWAVWAYTWY,1,0.963
ELFRSGLDSY,ELFRSGLDLY,9|S/L,1,0.9,HLA-A*68:01,YYAMYRNNVAQTDVDTLYIMYRDYTWAVWAYTWY,1,0.9996
ELFRSGLDSY,ELFRSGLDTY,9|S/T,1,0.9,HLA-A*68:01,YYAMYRNNVAQTDVDTLYIMYRDYTWAVWAYTWY,1,0.9967
ELFRSGLDSY,ELFRSGLLSY,8|D/L,1,0.9,HLA-A*68:01,YYAMYRNNVAQTDVDTLYIMYRDYTWAVWAYTWY,1,0.9991
ELFRSGLDSY,ALFRSGLDSY,1|E/A,1,0.9,HLA-A*68:01,YYAMYRNNVAQTDVDTLYIMYRDYTWAVWAYTWY,1,0.9884
ELFRSGLDSY,RLFRSGLDSY,1|E/R,1,0.9,HLA-A*68:01,YYAMYRNNVAQTDVDTLYIMYRDYTWAVWAYTWY,1,0.9947
ELFRSGLDSY,RLFRSGLDLY,"1|E/R,9|S/L",2,0.8,HLA-A*68:01,YYAMYRNNVAQTDVDTLYIMYRDYTWAVWAYTWY,1,0.9872
ELFRSGLDSY,ELLRSGLVSY,"3|F/L,8|D/V",2,0.8,HLA-A*68:01,YYAMYRNNVAQTDVDTLYIMYRDYTWAVWAYTWY,0,0.341
ELFRSGLDSY,RLLRSGLDSY,"1|E/R,3|F/L",2,0.8,HLA-A*68:01,YYAMYRNNVAQTDVDTLYIMYRDYTWAVWAYTWY,0,0.3276
ELFRSGLDSY,ERFRSGLDSL,"2|L/R,10|Y/L",2,0.8,HLA-A*68:01,YYAMYRNNVAQTDVDTLYIMYRDYTWAVWAYTWY,0,0.0
ELFRSGLDSY,ELIRSGLDSF,"3|F/I,10|Y/F",2,0.8,HLA-A*68:01,YYAMYRNNVAQTDVDTLYIMYRDYTWAVWAYTWY,0,0.0
ELFRSGLDSY,ELIRSGLDSL,"3|F/I,10|Y/L",2,0.8,HLA-A*68:01,YYAMYRNNVAQTDVDTLYIMYRDYTWAVWAYTWY,0,0.0
ELFRSGLDSY,ELLRSGLDSL,"3|F/L,10|Y/L",2,0.8,HLA-A*68:01,YYAMYRNNVAQTDVDTLYIMYRDYTWAVWAYTWY,0,0.0
ELFRSGLDSY,SLIRSGLDSY,"1|E/S,3|F/I",2,0.8,HLA-A*68:01,YYAMYRNNVAQTDVDTLYIMYRDYTWAVWAYTWY,1,0.9977
ELFRSGLDSY,SLFRSGLDTY,"1|E/S,9|S/T",2,0.8,HLA-A*68:01,YYAMYRNNVAQTDVDTLYIMYRDYTWAVWAYTWY,1,0.9996
ELFRSGLDSY,ELLRSGLISY,"3|F/L,8|D/I",2,0.8,HLA-A*68:01,YYAMYRNNVAQTDVDTLYIMYRDYTWAVWAYTWY,1,0.8882
ELFRSGLDSY,AEFRSGLDSY,"1|E/A,2|L/E",2,0.9,HLA-A*68:01,YYAMYRNNVAQTDVDTLYIMYRDYTWAVWAYTWY,0,0.4508
ELFRSGLDSY,ELIRSGLVSY,"3|F/I,8|D/V",2,0.8,HLA-A*68:01,YYAMYRNNVAQTDVDTLYIMYRDYTWAVWAYTWY,1,0.999
ELFRSGLDSY,ALFRSGLDLY,"1|E/A,9|S/L",2,0.8,HLA-A*68:01,YYAMYRNNVAQTDVDTLYIMYRDYTWAVWAYTWY,1,0.9853
ELFRSGLDSY,EEFRSGLDSF,"2|L/E,10|Y/F",2,0.8,HLA-A*68:01,YYAMYRNNVAQTDVDTLYIMYRDYTWAVWAYTWY,0,0.0
ELFRSGLDSY,ELIRSGLLSY,"3|F/I,8|D/L",2,0.8,HLA-A*68:01,YYAMYRNNVAQTDVDTLYIMYRDYTWAVWAYTWY,1,0.9997
ELFRSGLDSY,ERIRSGLDSY,"2|L/R,3|F/I",2,0.8,HLA-A*68:01,YYAMYRNNVAQTDVDTLYIMYRDYTWAVWAYTWY,0,0.0007
ELFRSGLDSY,ARFRSGLDSY,"1|E/A,2|L/R",2,0.8,HLA-A*68:01,YYAMYRNNVAQTDVDTLYIMYRDYTWAVWAYTWY,0,0.0197
ELFRSGLDSY,ERLRSGLDSY,"2|L/R,3|F/L",2,0.9,HLA-A*68:01,YYAMYRNNVAQTDVDTLYIMYRDYTWAVWAYTWY,0,0.0003
ELFRSGLDSY,SEFRSGLDSY,"1|E/S,2|L/E",2,0.9,HLA-A*68:01,YYAMYRNNVAQTDVDTLYIMYRDYTWAVWAYTWY,1,0.9785
ELFRSGLDSY,ERFRSGLDLY,"2|L/R,9|S/L",2,0.8,HLA-A*68:01,YYAMYRNNVAQTDVDTLYIMYRDYTWAVWAYTWY,0,0.1749
ELFRSGLDSY,ELLRSGLDSF,"3|F/L,10|Y/F",2,0.8,HLA-A*68:01,YYAMYRNNVAQTDVDTLYIMYRDYTWAVWAYTWY,0,0.0
ELFRSGLDSY,ALIRSGLDSY,"1|E/A,3|F/I",2,0.8,HLA-A*68:01,YYAMYRNNVAQTDVDTLYIMYRDYTWAVWAYTWY,1,0.9543
ELFRSGLDSY,EEFRSGLDSL,"2|L/E,10|Y/L",2,0.8,HLA-A*68:01,YYAMYRNNVAQTDVDTLYIMYRDYTWAVWAYTWY,0,0.0
ELFRSGLDSY,RRFRSGLDSY,"1|E/R,2|L/R",2,0.8,HLA-A*68:01,YYAMYRNNVAQTDVDTLYIMYRDYTWAVWAYTWY,0,0.0226
ELFRSGLDSY,EEIRSGLDSY,"2|L/E,3|F/I",2,0.8,HLA-A*68:01,YYAMYRNNVAQTDVDTLYIMYRDYTWAVWAYTWY,0,0.165
ELFRSGLDSY,ERFRSGLDTY,"2|L/R,9|S/T",2,0.8,HLA-A*68:01,YYAMYRNNVAQTDVDTLYIMYRDYTWAVWAYTWY,0,0.3662
ELFRSGLDSY,REFRSGLDSY,"1|E/R,2|L/E",2,0.9,HLA-A*68:01,YYAMYRNNVAQTDVDTLYIMYRDYTWAVWAYTWY,0,0.0021
ELFRSGLDSY,EEFRSGLVSY,"2|L/E,8|D/V",2,0.8,HLA-A*68:01,YYAMYRNNVAQTDVDTLYIMYRDYTWAVWAYTWY,0,0.4946
ELFRSGLDSY,SLFRSGLDSL,"1|E/S,10|Y/L",2,0.8,HLA-A*68:01,YYAMYRNNVAQTDVDTLYIMYRDYTWAVWAYTWY,0,0.0
ELFRSGLDSY,RLFRSGLDSF,"1|E/R,10|Y/F",2,0.8,HLA-A*68:01,YYAMYRNNVAQTDVDTLYIMYRDYTWAVWAYTWY,0,0.0003
ELFRSGLDSY,ALFRSGLDTY,"1|E/A,9|S/T",2,0.8,HLA-A*68:01,YYAMYRNNVAQTDVDTLYIMYRDYTWAVWAYTWY,1,0.9953
ELFRSGLDSY,ALLRSGLDSY,"1|E/A,3|F/L",2,0.8,HLA-A*68:01,YYAMYRNNVAQTDVDTLYIMYRDYTWAVWAYTWY,0,0.115
ELFRSGLDSY,EEFRSGLISY,"2|L/E,8|D/I",2,0.8,HLA-A*68:01,YYAMYRNNVAQTDVDTLYIMYRDYTWAVWAYTWY,1,0.9172
ELFRSGLDSY,ELFRSGLVSL,"8|D/V,10|Y/L",2,0.8,HLA-A*68:01,YYAMYRNNVAQTDVDTLYIMYRDYTWAVWAYTWY,0,0.0
ELFRSGLDSY,SRFRSGLDSY,"1|E/S,2|L/R",2,0.8,HLA-A*68:01,YYAMYRNNVAQTDVDTLYIMYRDYTWAVWAYTWY,1,0.7162
ELFRSGLDSY,ELFRSGLLSL,"8|D/L,10|Y/L",2,0.8,HLA-A*68:01,YYAMYRNNVAQTDVDTLYIMYRDYTWAVWAYTWY,0,0.0
ELFRSGLDSY,ALFRSGLDSF,"1|E/A,10|Y/F",2,0.8,HLA-A*68:01,YYAMYRNNVAQTDVDTLYIMYRDYTWAVWAYTWY,0,0.0
ELFRSGLDSY,ERFRSGLLSY,"2|L/R,8|D/L",2,0.8,HLA-A*68:01,YYAMYRNNVAQTDVDTLYIMYRDYTWAVWAYTWY,0,0.069
ELFRSGLDSY,RLFRSGLDTY,"1|E/R,9|S/T",2,0.8,HLA-A*68:01,YYAMYRNNVAQTDVDTLYIMYRDYTWAVWAYTWY,1,0.9729
ELFRSGLDSY,ELIRSGLISY,"3|F/I,8|D/I",2,0.8,HLA-A*68:01,YYAMYRNNVAQTDVDTLYIMYRDYTWAVWAYTWY,1,0.9997
ELFRSGLDSY,ERFRSGLVSY,"2|L/R,8|D/V",2,0.8,HLA-A*68:01,YYAMYRNNVAQTDVDTLYIMYRDYTWAVWAYTWY,0,0.0067
ELFRSGLDSY,SLFRSGLDLY,"1|E/S,9|S/L",2,0.8,HLA-A*68:01,YYAMYRNNVAQTDVDTLYIMYRDYTWAVWAYTWY,1,0.9998
ELFRSGLDSY,ELFRSGLISL,"8|D/I,10|Y/L",2,0.8,HLA-A*68:01,YYAMYRNNVAQTDVDTLYIMYRDYTWAVWAYTWY,0,0.0
ELFRSGLDSY,RLIRSGLDSY,"1|E/R,3|F/I",2,0.8,HLA-A*68:01,YYAMYRNNVAQTDVDTLYIMYRDYTWAVWAYTWY,1,0.8991
ELFRSGLDSY,ELFRSGLISF,"8|D/I,10|Y/F",2,0.8,HLA-A*68:01,YYAMYRNNVAQTDVDTLYIMYRDYTWAVWAYTWY,0,0.0
ELFRSGLDSY,SLLRSGLDSY,"1|E/S,3|F/L",2,0.8,HLA-A*68:01,YYAMYRNNVAQTDVDTLYIMYRDYTWAVWAYTWY,0,0.4737
ELFRSGLDSY,SLFRSGLDSF,"1|E/S,10|Y/F",2,0.8,HLA-A*68:01,YYAMYRNNVAQTDVDTLYIMYRDYTWAVWAYTWY,0,0.0002
ELFRSGLDSY,EELRSGLDSY,"2|L/E,3|F/L",2,0.9,HLA-A*68:01,YYAMYRNNVAQTDVDTLYIMYRDYTWAVWAYTWY,0,0.0125
ELFRSGLDSY,ERFRSGLISY,"2|L/R,8|D/I",2,0.8,HLA-A*68:01,YYAMYRNNVAQTDVDTLYIMYRDYTWAVWAYTWY,0,0.2172
ELFRSGLDSY,EEFRSGLDTY,"2|L/E,9|S/T",2,0.8,HLA-A*68:01,YYAMYRNNVAQTDVDTLYIMYRDYTWAVWAYTWY,1,0.9143
ELFRSGLDSY,ERFRSGLDSF,"2|L/R,10|Y/F",2,0.8,HLA-A*68:01,YYAMYRNNVAQTDVDTLYIMYRDYTWAVWAYTWY,0,0.0
ELFRSGLDSY,EEFRSGLDLY,"2|L/E,9|S/L",2,0.8,HLA-A*68:01,YYAMYRNNVAQTDVDTLYIMYRDYTWAVWAYTWY,1,0.9247
ELFRSGLDSY,ELFRSGLVSF,"8|D/V,10|Y/F",2,0.8,HLA-A*68:01,YYAMYRNNVAQTDVDTLYIMYRDYTWAVWAYTWY,0,0.0
ELFRSGLDSY,EEFRSGLLSY,"2|L/E,8|D/L",2,0.8,HLA-A*68:01,YYAMYRNNVAQTDVDTLYIMYRDYTWAVWAYTWY,1,0.5936
ELFRSGLDSY,ELLRSGLLSY,"3|F/L,8|D/L",2,0.8,HLA-A*68:01,YYAMYRNNVAQTDVDTLYIMYRDYTWAVWAYTWY,1,0.8933
ELFRSGLDSY,ELFRSGLLSF,"8|D/L,10|Y/F",2,0.8,HLA-A*68:01,YYAMYRNNVAQTDVDTLYIMYRDYTWAVWAYTWY,0,0.0
ELFRSGLDSY,RLFRSGLDSL,"1|E/R,10|Y/L",2,0.8,HLA-A*68:01,YYAMYRNNVAQTDVDTLYIMYRDYTWAVWAYTWY,0,0.0
ELFRSGLDSY,ALFRSGLDSL,"1|E/A,10|Y/L",2,0.8,HLA-A*68:01,YYAMYRNNVAQTDVDTLYIMYRDYTWAVWAYTWY,0,0.0
ELFRSGLDSY,EEIRSGLVSY,"2|L/E,3|F/I,8|D/V",3,0.7,HLA-A*68:01,YYAMYRNNVAQTDVDTLYIMYRDYTWAVWAYTWY,0,0.1204
ELFRSGLDSY,RRFRSGLDSL,"1|E/R,2|L/R,10|Y/L",3,0.7,HLA-A*68:01,YYAMYRNNVAQTDVDTLYIMYRDYTWAVWAYTWY,0,0.0
ELFRSGLDSY,EEIRSGLLSY,"2|L/E,3|F/I,8|D/L",3,0.7,HLA-A*68:01,YYAMYRNNVAQTDVDTLYIMYRDYTWAVWAYTWY,0,0.0554
ELFRSGLDSY,ALFRSGLDTF,"1|E/A,9|S/T,10|Y/F",3,0.7,HLA-A*68:01,YYAMYRNNVAQTDVDTLYIMYRDYTWAVWAYTWY,0,0.0
ELFRSGLDSY,ELIRSGLLSL,"3|F/I,8|D/L,10|Y/L",3,0.7,HLA-A*68:01,YYAMYRNNVAQTDVDTLYIMYRDYTWAVWAYTWY,0,0.0
ELFRSGLDSY,EEIRSGLISY,"2|L/E,3|F/I,8|D/I",3,0.7,HLA-A*68:01,YYAMYRNNVAQTDVDTLYIMYRDYTWAVWAYTWY,1,0.7337
ELFRSGLDSY,ERLRSGLVSY,"2|L/R,3|F/L,8|D/V",3,0.8,HLA-A*68:01,YYAMYRNNVAQTDVDTLYIMYRDYTWAVWAYTWY,0,0.0
ELFRSGLDSY,ARFRSGLDSL,"1|E/A,2|L/R,10|Y/L",3,0.7,HLA-A*68:01,YYAMYRNNVAQTDVDTLYIMYRDYTWAVWAYTWY,0,0.0
ELFRSGLDSY,ARIRSGLDSY,"1|E/A,2|L/R,3|F/I",3,0.7,HLA-A*68:01,YYAMYRNNVAQTDVDTLYIMYRDYTWAVWAYTWY,0,0.0004
ELFRSGLDSY,SEFRSGLDSL,"1|E/S,2|L/E,10|Y/L",3,0.8,HLA-A*68:01,YYAMYRNNVAQTDVDTLYIMYRDYTWAVWAYTWY,0,0.0
ELFRSGLDSY,ALIRSGLDSF,"1|E/A,3|F/I,10|Y/F",3,0.7,HLA-A*68:01,YYAMYRNNVAQTDVDTLYIMYRDYTWAVWAYTWY,0,0.0
ELFRSGLDSY,ELLRSGLLSF,"3|F/L,8|D/L,10|Y/F",3,0.7,HLA-A*68:01,YYAMYRNNVAQTDVDTLYIMYRDYTWAVWAYTWY,0,0.0
ELFRSGLDSY,EELRSGLLSY,"2|L/E,3|F/L,8|D/L",3,0.8,HLA-A*68:01,YYAMYRNNVAQTDVDTLYIMYRDYTWAVWAYTWY,0,0.0041
ELFRSGLDSY,SEFRSGLDSF,"1|E/S,2|L/E,10|Y/F",3,0.8,HLA-A*68:01,YYAMYRNNVAQTDVDTLYIMYRDYTWAVWAYTWY,0,0.0
ELFRSGLDSY,ALFRSGLDTL,"1|E/A,9|S/T,10|Y/L",3,0.7,HLA-A*68:01,YYAMYRNNVAQTDVDTLYIMYRDYTWAVWAYTWY,0,0.0
ELFRSGLDSY,ERIRSGLLSY,"2|L/R,3|F/I,8|D/L",3,0.7,HLA-A*68:01,YYAMYRNNVAQTDVDTLYIMYRDYTWAVWAYTWY,0,0.001
ELFRSGLDSY,SRFRSGLDSL,"1|E/S,2|L/R,10|Y/L",3,0.7,HLA-A*68:01,YYAMYRNNVAQTDVDTLYIMYRDYTWAVWAYTWY,0,0.0
ELFRSGLDSY,SLFRSGLDTF,"1|E/S,9|S/T,10|Y/F",3,0.7,HLA-A*68:01,YYAMYRNNVAQTDVDTLYIMYRDYTWAVWAYTWY,0,0.0001
ELFRSGLDSY,RRFRSGLDTY,"1|E/R,2|L/R,9|S/T",3,0.7,HLA-A*68:01,YYAMYRNNVAQTDVDTLYIMYRDYTWAVWAYTWY,0,0.0772
ELFRSGLDSY,SELRSGLDSY,"1|E/S,2|L/E,3|F/L",3,0.9,HLA-A*68:01,YYAMYRNNVAQTDVDTLYIMYRDYTWAVWAYTWY,0,0.0382
ELFRSGLDSY,ALFRSGLDLF,"1|E/A,9|S/L,10|Y/F",3,0.7,HLA-A*68:01,YYAMYRNNVAQTDVDTLYIMYRDYTWAVWAYTWY,0,0.0
ELFRSGLDSY,RELRSGLDSY,"1|E/R,2|L/E,3|F/L",3,0.9,HLA-A*68:01,YYAMYRNNVAQTDVDTLYIMYRDYTWAVWAYTWY,0,0.0
ELFRSGLDSY,ERLRSGLLSY,"2|L/R,3|F/L,8|D/L",3,0.8,HLA-A*68:01,YYAMYRNNVAQTDVDTLYIMYRDYTWAVWAYTWY,0,0.0003
ELFRSGLDSY,AEFRSGLDSL,"1|E/A,2|L/E,10|Y/L",3,0.8,HLA-A*68:01,YYAMYRNNVAQTDVDTLYIMYRDYTWAVWAYTWY,0,0.0
ELFRSGLDSY,RLFRSGLDLL,"1|E/R,9|S/L,10|Y/L",3,0.7,HLA-A*68:01,YYAMYRNNVAQTDVDTLYIMYRDYTWAVWAYTWY,0,0.0
ELFRSGLDSY,EEFRSGLISF,"2|L/E,8|D/I,10|Y/F",3,0.7,HLA-A*68:01,YYAMYRNNVAQTDVDTLYIMYRDYTWAVWAYTWY,0,0.0
ELFRSGLDSY,ELLRSGLISL,"3|F/L,8|D/I,10|Y/L",3,0.7,HLA-A*68:01,YYAMYRNNVAQTDVDTLYIMYRDYTWAVWAYTWY,0,0.0
ELFRSGLDSY,ARFRSGLDTY,"1|E/A,2|L/R,9|S/T",3,0.7,HLA-A*68:01,YYAMYRNNVAQTDVDTLYIMYRDYTWAVWAYTWY,0,0.2212
ELFRSGLDSY,REFRSGLDTY,"1|E/R,2|L/E,9|S/T",3,0.8,HLA-A*68:01,YYAMYRNNVAQTDVDTLYIMYRDYTWAVWAYTWY,0,0.0044
ELFRSGLDSY,AEFRSGLDLY,"1|E/A,2|L/E,9|S/L",3,0.8,HLA-A*68:01,YYAMYRNNVAQTDVDTLYIMYRDYTWAVWAYTWY,1,0.7557
ELFRSGLDSY,SLIRSGLDSL,"1|E/S,3|F/I,10|Y/L",3,0.7,HLA-A*68:01,YYAMYRNNVAQTDVDTLYIMYRDYTWAVWAYTWY,0,0.0
ELFRSGLDSY,ARFRSGLDLY,"1|E/A,2|L/R,9|S/L",3,0.7,HLA-A*68:01,YYAMYRNNVAQTDVDTLYIMYRDYTWAVWAYTWY,0,0.0474
ELFRSGLDSY,ALFRSGLDLL,"1|E/A,9|S/L,10|Y/L",3,0.7,HLA-A*68:01,YYAMYRNNVAQTDVDTLYIMYRDYTWAVWAYTWY,0,0.0
ELFRSGLDSY,ERFRSGLVSL,"2|L/R,8|D/V,10|Y/L",3,0.7,HLA-A*68:01,YYAMYRNNVAQTDVDTLYIMYRDYTWAVWAYTWY,0,0.0
ELFRSGLDSY,ELLRSGLLSL,"3|F/L,8|D/L,10|Y/L",3,0.7,HLA-A*68:01,YYAMYRNNVAQTDVDTLYIMYRDYTWAVWAYTWY,0,0.0
ELFRSGLDSY,AELRSGLDSY,"1|E/A,2|L/E,3|F/L",3,0.9,HLA-A*68:01,YYAMYRNNVAQTDVDTLYIMYRDYTWAVWAYTWY,0,0.0021
ELFRSGLDSY,REFRSGLDLY,"1|E/R,2|L/E,9|S/L",3,0.8,HLA-A*68:01,YYAMYRNNVAQTDVDTLYIMYRDYTWAVWAYTWY,0,0.003
ELFRSGLDSY,ERIRSGLVSY,"2|L/R,3|F/I,8|D/V",3,0.7,HLA-A*68:01,YYAMYRNNVAQTDVDTLYIMYRDYTWAVWAYTWY,0,0.0004
ELFRSGLDSY,SLFRSGLDLL,"1|E/S,9|S/L,10|Y/L",3,0.7,HLA-A*68:01,YYAMYRNNVAQTDVDTLYIMYRDYTWAVWAYTWY,0,0.0
ELFRSGLDSY,ERLRSGLDSF,"2|L/R,3|F/L,10|Y/F",3,0.8,HLA-A*68:01,YYAMYRNNVAQTDVDTLYIMYRDYTWAVWAYTWY,0,0.0
ELFRSGLDSY,ELLRSGLVSF,"3|F/L,8|D/V,10|Y/F",3,0.7,HLA-A*68:01,YYAMYRNNVAQTDVDTLYIMYRDYTWAVWAYTWY,0,0.0
ELFRSGLDSY,ELIRSGLVSF,"3|F/I,8|D/V,10|Y/F",3,0.7,HLA-A*68:01,YYAMYRNNVAQTDVDTLYIMYRDYTWAVWAYTWY,0,0.0
ELFRSGLDSY,SLLRSGLDSF,"1|E/S,3|F/L,10|Y/F",3,0.7,HLA-A*68:01,YYAMYRNNVAQTDVDTLYIMYRDYTWAVWAYTWY,0,0.0
ELFRSGLDSY,RRIRSGLDSY,"1|E/R,2|L/R,3|F/I",3,0.7,HLA-A*68:01,YYAMYRNNVAQTDVDTLYIMYRDYTWAVWAYTWY,0,0.0004
ELFRSGLDSY,ELIRSGLISF,"3|F/I,8|D/I,10|Y/F",3,0.7,HLA-A*68:01,YYAMYRNNVAQTDVDTLYIMYRDYTWAVWAYTWY,0,0.0
ELFRSGLDSY,ERFRSGLLSF,"2|L/R,8|D/L,10|Y/F",3,0.7,HLA-A*68:01,YYAMYRNNVAQTDVDTLYIMYRDYTWAVWAYTWY,0,0.0
ELFRSGLDSY,ERFRSGLVSF,"2|L/R,8|D/V,10|Y/F",3,0.7,HLA-A*68:01,YYAMYRNNVAQTDVDTLYIMYRDYTWAVWAYTWY,0,0.0
ELFRSGLDSY,ELLRSGLVSL,"3|F/L,8|D/V,10|Y/L",3,0.7,HLA-A*68:01,YYAMYRNNVAQTDVDTLYIMYRDYTWAVWAYTWY,0,0.0
ELFRSGLDSY,ALLRSGLDSL,"1|E/A,3|F/L,10|Y/L",3,0.7,HLA-A*68:01,YYAMYRNNVAQTDVDTLYIMYRDYTWAVWAYTWY,0,0.0
ELFRSGLDSY,EEFRSGLISL,"2|L/E,8|D/I,10|Y/L",3,0.7,HLA-A*68:01,YYAMYRNNVAQTDVDTLYIMYRDYTWAVWAYTWY,0,0.0
ELFRSGLDSY,ALIRSGLDSL,"1|E/A,3|F/I,10|Y/L",3,0.7,HLA-A*68:01,YYAMYRNNVAQTDVDTLYIMYRDYTWAVWAYTWY,0,0.0
ELFRSGLDSY,EEIRSGLDSL,"2|L/E,3|F/I,10|Y/L",3,0.7,HLA-A*68:01,YYAMYRNNVAQTDVDTLYIMYRDYTWAVWAYTWY,0,0.0
ELFRSGLDSY,EELRSGLISY,"2|L/E,3|F/L,8|D/I",3,0.8,HLA-A*68:01,YYAMYRNNVAQTDVDTLYIMYRDYTWAVWAYTWY,0,0.1149
ELFRSGLDSY,EELRSGLDSL,"2|L/E,3|F/L,10|Y/L",3,0.8,HLA-A*68:01,YYAMYRNNVAQTDVDTLYIMYRDYTWAVWAYTWY,0,0.0
ELFRSGLDSY,AEIRSGLDSY,"1|E/A,2|L/E,3|F/I",3,0.8,HLA-A*68:01,YYAMYRNNVAQTDVDTLYIMYRDYTWAVWAYTWY,0,0.0116
ELFRSGLDSY,RLLRSGLDSF,"1|E/R,3|F/L,10|Y/F",3,0.7,HLA-A*68:01,YYAMYRNNVAQTDVDTLYIMYRDYTWAVWAYTWY,0,0.0
ELFRSGLDSY,SRFRSGLDTY,"1|E/S,2|L/R,9|S/T",3,0.7,HLA-A*68:01,YYAMYRNNVAQTDVDTLYIMYRDYTWAVWAYTWY,1,0.9334
ELFRSGLDSY,RLIRSGLDSL,"1|E/R,3|F/I,10|Y/L",3,0.7,HLA-A*68:01,YYAMYRNNVAQTDVDTLYIMYRDYTWAVWAYTWY,0,0.0
ELFRSGLDSY,ERFRSGLLSL,"2|L/R,8|D/L,10|Y/L",3,0.7,HLA-A*68:01,YYAMYRNNVAQTDVDTLYIMYRDYTWAVWAYTWY,0,0.0
ELFRSGLDSY,REFRSGLDSF,"1|E/R,2|L/E,10|Y/F",3,0.8,HLA-A*68:01,YYAMYRNNVAQTDVDTLYIMYRDYTWAVWAYTWY,0,0.0
ELFRSGLDSY,REFRSGLDSL,"1|E/R,2|L/E,10|Y/L",3,0.8,HLA-A*68:01,YYAMYRNNVAQTDVDTLYIMYRDYTWAVWAYTWY,0,0.0
ELFRSGLDSY,ELLRSGLISF,"3|F/L,8|D/I,10|Y/F",3,0.7,HLA-A*68:01,YYAMYRNNVAQTDVDTLYIMYRDYTWAVWAYTWY,0,0.0
ELFRSGLDSY,ELIRSGLVSL,"3|F/I,8|D/V,10|Y/L",3,0.7,HLA-A*68:01,YYAMYRNNVAQTDVDTLYIMYRDYTWAVWAYTWY,0,0.0
ELFRSGLDSY,RRFRSGLDLY,"1|E/R,2|L/R,9|S/L",3,0.7,HLA-A*68:01,YYAMYRNNVAQTDVDTLYIMYRDYTWAVWAYTWY,0,0.0106
ELFRSGLDSY,EEIRSGLDSF,"2|L/E,3|F/I,10|Y/F",3,0.7,HLA-A*68:01,YYAMYRNNVAQTDVDTLYIMYRDYTWAVWAYTWY,0,0.0
ELFRSGLDSY,SLIRSGLDSF,"1|E/S,3|F/I,10|Y/F",3,0.7,HLA-A*68:01,YYAMYRNNVAQTDVDTLYIMYRDYTWAVWAYTWY,0,0.0001
ELFRSGLDSY,SLFRSGLDTL,"1|E/S,9|S/T,10|Y/L",3,0.7,HLA-A*68:01,YYAMYRNNVAQTDVDTLYIMYRDYTWAVWAYTWY,0,0.0
ELFRSGLDSY,SEFRSGLDLY,"1|E/S,2|L/E,9|S/L",3,0.8,HLA-A*68:01,YYAMYRNNVAQTDVDTLYIMYRDYTWAVWAYTWY,1,0.9943
ELFRSGLDSY,SRLRSGLDSY,"1|E/S,2|L/R,3|F/L",3,0.8,HLA-A*68:01,YYAMYRNNVAQTDVDTLYIMYRDYTWAVWAYTWY,0,0.0181
ELFRSGLDSY,RLFRSGLDTF,"1|E/R,9|S/T,10|Y/F",3,0.7,HLA-A*68:01,YYAMYRNNVAQTDVDTLYIMYRDYTWAVWAYTWY,0,0.0
ELFRSGLDSY,RRFRSGLDSF,"1|E/R,2|L/R,10|Y/F",3,0.7,HLA-A*68:01,YYAMYRNNVAQTDVDTLYIMYRDYTWAVWAYTWY,0,0.0
ELFRSGLDSY,SLFRSGLDLF,"1|E/S,9|S/L,10|Y/F",3,0.7,HLA-A*68:01,YYAMYRNNVAQTDVDTLYIMYRDYTWAVWAYTWY,0,0.0
ELFRSGLDSY,ERFRSGLISL,"2|L/R,8|D/I,10|Y/L",3,0.7,HLA-A*68:01,YYAMYRNNVAQTDVDTLYIMYRDYTWAVWAYTWY,0,0.0
ELFRSGLDSY,ERIRSGLDSF,"2|L/R,3|F/I,10|Y/F",3,0.7,HLA-A*68:01,YYAMYRNNVAQTDVDTLYIMYRDYTWAVWAYTWY,0,0.0
ELFRSGLDSY,ERIRSGLISY,"2|L/R,3|F/I,8|D/I",3,0.7,HLA-A*68:01,YYAMYRNNVAQTDVDTLYIMYRDYTWAVWAYTWY,0,0.0115
ELFRSGLDSY,SLLRSGLDSL,"1|E/S,3|F/L,10|Y/L",3,0.7,HLA-A*68:01,YYAMYRNNVAQTDVDTLYIMYRDYTWAVWAYTWY,0,0.0
ELFRSGLDSY,RLLRSGLDSL,"1|E/R,3|F/L,10|Y/L",3,0.7,HLA-A*68:01,YYAMYRNNVAQTDVDTLYIMYRDYTWAVWAYTWY,0,0.0
ELFRSGLDSY,EELRSGLDSF,"2|L/E,3|F/L,10|Y/F",3,0.8,HLA-A*68:01,YYAMYRNNVAQTDVDTLYIMYRDYTWAVWAYTWY,0,0.0
ELFRSGLDSY,SRFRSGLDSF,"1|E/S,2|L/R,10|Y/F",3,0.7,HLA-A*68:01,YYAMYRNNVAQTDVDTLYIMYRDYTWAVWAYTWY,0,0.0
ELFRSGLDSY,ERIRSGLDSL,"2|L/R,3|F/I,10|Y/L",3,0.7,HLA-A*68:01,YYAMYRNNVAQTDVDTLYIMYRDYTWAVWAYTWY,0,0.0
ELFRSGLDSY,EEFRSGLLSF,"2|L/E,8|D/L,10|Y/F",3,0.7,HLA-A*68:01,YYAMYRNNVAQTDVDTLYIMYRDYTWAVWAYTWY,0,0.0
ELFRSGLDSY,ELIRSGLISL,"3|F/I,8|D/I,10|Y/L",3,0.7,HLA-A*68:01,YYAMYRNNVAQTDVDTLYIMYRDYTWAVWAYTWY,0,0.0
ELFRSGLDSY,SRFRSGLDLY,"1|E/S,2|L/R,9|S/L",3,0.7,HLA-A*68:01,YYAMYRNNVAQTDVDTLYIMYRDYTWAVWAYTWY,1,0.9187
ELFRSGLDSY,REIRSGLDSY,"1|E/R,2|L/E,3|F/I",3,0.8,HLA-A*68:01,YYAMYRNNVAQTDVDTLYIMYRDYTWAVWAYTWY,0,0.0002
ELFRSGLDSY,EELRSGLVSY,"2|L/E,3|F/L,8|D/V",3,0.8,HLA-A*68:01,YYAMYRNNVAQTDVDTLYIMYRDYTWAVWAYTWY,0,0.0056
ELFRSGLDSY,SRIRSGLDSY,"1|E/S,2|L/R,3|F/I",3,0.7,HLA-A*68:01,YYAMYRNNVAQTDVDTLYIMYRDYTWAVWAYTWY,0,0.0355
ELFRSGLDSY,SEFRSGLDTY,"1|E/S,2|L/E,9|S/T",3,0.8,HLA-A*68:01,YYAMYRNNVAQTDVDTLYIMYRDYTWAVWAYTWY,1,0.9649
ELFRSGLDSY,RLFRSGLDTL,"1|E/R,9|S/T,10|Y/L",3,0.7,HLA-A*68:01,YYAMYRNNVAQTDVDTLYIMYRDYTWAVWAYTWY,0,0.0
ELFRSGLDSY,AEFRSGLDTY,"1|E/A,2|L/E,9|S/T",3,0.8,HLA-A*68:01,YYAMYRNNVAQTDVDTLYIMYRDYTWAVWAYTWY,1,0.5124
ELFRSGLDSY,ALLRSGLDSF,"1|E/A,3|F/L,10|Y/F",3,0.7,HLA-A*68:01,YYAMYRNNVAQTDVDTLYIMYRDYTWAVWAYTWY,0,0.0
ELFRSGLDSY,RRLRSGLDSY,"1|E/R,2|L/R,3|F/L",3,0.8,HLA-A*68:01,YYAMYRNNVAQTDVDTLYIMYRDYTWAVWAYTWY,0,0.0002
ELFRSGLDSY,SEIRSGLDSY,"1|E/S,2|L/E,3|F/I",3,0.8,HLA-A*68:01,YYAMYRNNVAQTDVDTLYIMYRDYTWAVWAYTWY,0,0.3833
ELFRSGLDSY,ERLRSGLDSL,"2|L/R,3|F/L,10|Y/L",3,0.8,HLA-A*68:01,YYAMYRNNVAQTDVDTLYIMYRDYTWAVWAYTWY,0,0.0
ELFRSGLDSY,ARLRSGLDSY,"1|E/A,2|L/R,3|F/L",3,0.8,HLA-A*68:01,YYAMYRNNVAQTDVDTLYIMYRDYTWAVWAYTWY,0,0.0001
ELFRSGLDSY,ERLRSGLISY,"2|L/R,3|F/L,8|D/I",3,0.8,HLA-A*68:01,YYAMYRNNVAQTDVDTLYIMYRDYTWAVWAYTWY,0,0.0008
ELFRSGLDSY,ELIRSGLLSF,"3|F/I,8|D/L,10|Y/F",3,0.7,HLA-A*68:01,YYAMYRNNVAQTDVDTLYIMYRDYTWAVWAYTWY,0,0.0
ELFRSGLDSY,EEFRSGLVSF,"2|L/E,8|D/V,10|Y/F",3,0.7,HLA-A*68:01,YYAMYRNNVAQTDVDTLYIMYRDYTWAVWAYTWY,0,0.0
ELFRSGLDSY,ERFRSGLISF,"2|L/R,8|D/I,10|Y/F",3,0.7,HLA-A*68:01,YYAMYRNNVAQTDVDTLYIMYRDYTWAVWAYTWY,0,0.0
ELFRSGLDSY,ARFRSGLDSF,"1|E/A,2|L/R,10|Y/F",3,0.7,HLA-A*68:01,YYAMYRNNVAQTDVDTLYIMYRDYTWAVWAYTWY,0,0.0
ELFRSGLDSY,EEFRSGLVSL,"2|L/E,8|D/V,10|Y/L",3,0.7,HLA-A*68:01,YYAMYRNNVAQTDVDTLYIMYRDYTWAVWAYTWY,0,0.0
ELFRSGLDSY,EEFRSGLLSL,"2|L/E,8|D/L,10|Y/L",3,0.7,HLA-A*68:01,YYAMYRNNVAQTDVDTLYIMYRDYTWAVWAYTWY,0,0.0
ELFRSGLDSY,AEFRSGLDSF,"1|E/A,2|L/E,10|Y/F",3,0.8,HLA-A*68:01,YYAMYRNNVAQTDVDTLYIMYRDYTWAVWAYTWY,0,0.0
ELFRSGLDSY,RLFRSGLDLF,"1|E/R,9|S/L,10|Y/F",3,0.7,HLA-A*68:01,YYAMYRNNVAQTDVDTLYIMYRDYTWAVWAYTWY,0,0.0
ELFRSGLDSY,RLIRSGLDSF,"1|E/R,3|F/I,10|Y/F",3,0.7,HLA-A*68:01,YYAMYRNNVAQTDVDTLYIMYRDYTWAVWAYTWY,0,0.0
ELFRSGLDSY,ARLRSGLDSL,"1|E/A,2|L/R,3|F/L,10|Y/L",4,0.7,HLA-A*68:01,YYAMYRNNVAQTDVDTLYIMYRDYTWAVWAYTWY,0,0.0
ELFRSGLDSY,EELRSGLLSL,"2|L/E,3|F/L,8|D/L,10|Y/L",4,0.7,HLA-A*68:01,YYAMYRNNVAQTDVDTLYIMYRDYTWAVWAYTWY,0,0.0
ELFRSGLDSY,RELRSGLDSF,"1|E/R,2|L/E,3|F/L,10|Y/F",4,0.8,HLA-A*68:01,YYAMYRNNVAQTDVDTLYIMYRDYTWAVWAYTWY,0,0.0
ELFRSGLDSY,REFRSGLDLF,"1|E/R,2|L/E,9|S/L,10|Y/F",4,0.7,HLA-A*68:01,YYAMYRNNVAQTDVDTLYIMYRDYTWAVWAYTWY,0,0.0
ELFRSGLDSY,SEFRSGLDTL,"1|E/S,2|L/E,9|S/T,10|Y/L",4,0.7,HLA-A*68:01,YYAMYRNNVAQTDVDTLYIMYRDYTWAVWAYTWY,0,0.0
ELFRSGLDSY,AEIRSGLDSF,"1|E/A,2|L/E,3|F/I,10|Y/F",4,0.7,HLA-A*68:01,YYAMYRNNVAQTDVDTLYIMYRDYTWAVWAYTWY,0,0.0
ELFRSGLDSY,ERLRSGLLSF,"2|L/R,3|F/L,8|D/L,10|Y/F",4,0.7,HLA-A*68:01,YYAMYRNNVAQTDVDTLYIMYRDYTWAVWAYTWY,0,0.0
ELFRSGLDSY,AEFRSGLDLF,"1|E/A,2|L/E,9|S/L,10|Y/F",4,0.7,HLA-A*68:01,YYAMYRNNVAQTDVDTLYIMYRDYTWAVWAYTWY,0,0.0
ELFRSGLDSY,ERLRSGLISF,"2|L/R,3|F/L,8|D/I,10|Y/F",4,0.7,HLA-A*68:01,YYAMYRNNVAQTDVDTLYIMYRDYTWAVWAYTWY,0,0.0
ELFRSGLDSY,RRFRSGLDLF,"1|E/R,2|L/R,9|S/L,10|Y/F",4,0.6,HLA-A*68:01,YYAMYRNNVAQTDVDTLYIMYRDYTWAVWAYTWY,0,0.0
ELFRSGLDSY,EELRSGLISF,"2|L/E,3|F/L,8|D/I,10|Y/F",4,0.7,HLA-A*68:01,YYAMYRNNVAQTDVDTLYIMYRDYTWAVWAYTWY,0,0.0
ELFRSGLDSY,ARIRSGLDSF,"1|E/A,2|L/R,3|F/I,10|Y/F",4,0.6,HLA-A*68:01,YYAMYRNNVAQTDVDTLYIMYRDYTWAVWAYTWY,0,0.0
ELFRSGLDSY,AEFRSGLDTF,"1|E/A,2|L/E,9|S/T,10|Y/F",4,0.7,HLA-A*68:01,YYAMYRNNVAQTDVDTLYIMYRDYTWAVWAYTWY,0,0.0
ELFRSGLDSY,AEFRSGLDTL,"1|E/A,2|L/E,9|S/T,10|Y/L",4,0.7,HLA-A*68:01,YYAMYRNNVAQTDVDTLYIMYRDYTWAVWAYTWY,0,0.0
ELFRSGLDSY,EEIRSGLVSL,"2|L/E,3|F/I,8|D/V,10|Y/L",4,0.6,HLA-A*68:01,YYAMYRNNVAQTDVDTLYIMYRDYTWAVWAYTWY,0,0.0
ELFRSGLDSY,REFRSGLDLL,"1|E/R,2|L/E,9|S/L,10|Y/L",4,0.7,HLA-A*68:01,YYAMYRNNVAQTDVDTLYIMYRDYTWAVWAYTWY,0,0.0
ELFRSGLDSY,SRFRSGLDTF,"1|E/S,2|L/R,9|S/T,10|Y/F",4,0.6,HLA-A*68:01,YYAMYRNNVAQTDVDTLYIMYRDYTWAVWAYTWY,0,0.0001
ELFRSGLDSY,SRLRSGLDSF,"1|E/S,2|L/R,3|F/L,10|Y/F",4,0.7,HLA-A*68:01,YYAMYRNNVAQTDVDTLYIMYRDYTWAVWAYTWY,0,0.0
ELFRSGLDSY,EEIRSGLLSL,"2|L/E,3|F/I,8|D/L,10|Y/L",4,0.6,HLA-A*68:01,YYAMYRNNVAQTDVDTLYIMYRDYTWAVWAYTWY,0,0.0
ELFRSGLDSY,ERLRSGLISL,"2|L/R,3|F/L,8|D/I,10|Y/L",4,0.7,HLA-A*68:01,YYAMYRNNVAQTDVDTLYIMYRDYTWAVWAYTWY,0,0.0
ELFRSGLDSY,ARLRSGLDSF,"1|E/A,2|L/R,3|F/L,10|Y/F",4,0.7,HLA-A*68:01,YYAMYRNNVAQTDVDTLYIMYRDYTWAVWAYTWY,0,0.0
ELFRSGLDSY,ERLRSGLVSF,"2|L/R,3|F/L,8|D/V,10|Y/F",4,0.7,HLA-A*68:01,YYAMYRNNVAQTDVDTLYIMYRDYTWAVWAYTWY,0,0.0
ELFRSGLDSY,EELRSGLLSF,"2|L/E,3|F/L,8|D/L,10|Y/F",4,0.7,HLA-A*68:01,YYAMYRNNVAQTDVDTLYIMYRDYTWAVWAYTWY,0,0.0
ELFRSGLDSY,AELRSGLDSL,"1|E/A,2|L/E,3|F/L,10|Y/L",4,0.8,HLA-A*68:01,YYAMYRNNVAQTDVDTLYIMYRDYTWAVWAYTWY,0,0.0
ELFRSGLDSY,ERIRSGLVSL,"2|L/R,3|F/I,8|D/V,10|Y/L",4,0.6,HLA-A*68:01,YYAMYRNNVAQTDVDTLYIMYRDYTWAVWAYTWY,0,0.0
ELFRSGLDSY,ARFRSGLDTF,"1|E/A,2|L/R,9|S/T,10|Y/F",4,0.6,HLA-A*68:01,YYAMYRNNVAQTDVDTLYIMYRDYTWAVWAYTWY,0,0.0
ELFRSGLDSY,EELRSGLVSL,"2|L/E,3|F/L,8|D/V,10|Y/L",4,0.7,HLA-A*68:01,YYAMYRNNVAQTDVDTLYIMYRDYTWAVWAYTWY,0,0.0
ELFRSGLDSY,REIRSGLDSF,"1|E/R,2|L/E,3|F/I,10|Y/F",4,0.7,HLA-A*68:01,YYAMYRNNVAQTDVDTLYIMYRDYTWAVWAYTWY,0,0.0
ELFRSGLDSY,ARFRSGLDLF,"1|E/A,2|L/R,9|S/L,10|Y/F",4,0.6,HLA-A*68:01,YYAMYRNNVAQTDVDTLYIMYRDYTWAVWAYTWY,0,0.0
ELFRSGLDSY,AEFRSGLDLL,"1|E/A,2|L/E,9|S/L,10|Y/L",4,0.7,HLA-A*68:01,YYAMYRNNVAQTDVDTLYIMYRDYTWAVWAYTWY,0,0.0
ELFRSGLDSY,RELRSGLDSL,"1|E/R,2|L/E,3|F/L,10|Y/L",4,0.8,HLA-A*68:01,YYAMYRNNVAQTDVDTLYIMYRDYTWAVWAYTWY,0,0.0
ELFRSGLDSY,SRFRSGLDLL,"1|E/S,2|L/R,9|S/L,10|Y/L",4,0.6,HLA-A*68:01,YYAMYRNNVAQTDVDTLYIMYRDYTWAVWAYTWY,0,0.0
ELFRSGLDSY,ERLRSGLLSL,"2|L/R,3|F/L,8|D/L,10|Y/L",4,0.7,HLA-A*68:01,YYAMYRNNVAQTDVDTLYIMYRDYTWAVWAYTWY,0,0.0
ELFRSGLDSY,EELRSGLVSF,"2|L/E,3|F/L,8|D/V,10|Y/F",4,0.7,HLA-A*68:01,YYAMYRNNVAQTDVDTLYIMYRDYTWAVWAYTWY,0,0.0
ELFRSGLDSY,SEFRSGLDLL,"1|E/S,2|L/E,9|S/L,10|Y/L",4,0.7,HLA-A*68:01,YYAMYRNNVAQTDVDTLYIMYRDYTWAVWAYTWY,0,0.0
ELFRSGLDSY,ERLRSGLVSL,"2|L/R,3|F/L,8|D/V,10|Y/L",4,0.7,HLA-A*68:01,YYAMYRNNVAQTDVDTLYIMYRDYTWAVWAYTWY,0,0.0
ELFRSGLDSY,ARIRSGLDSL,"1|E/A,2|L/R,3|F/I,10|Y/L",4,0.6,HLA-A*68:01,YYAMYRNNVAQTDVDTLYIMYRDYTWAVWAYTWY,0,0.0
ELFRSGLDSY,EEIRSGLVSF,"2|L/E,3|F/I,8|D/V,10|Y/F",4,0.6,HLA-A*68:01,YYAMYRNNVAQTDVDTLYIMYRDYTWAVWAYTWY,0,0.0
ELFRSGLDSY,RRLRSGLDSF,"1|E/R,2|L/R,3|F/L,10|Y/F",4,0.7,HLA-A*68:01,YYAMYRNNVAQTDVDTLYIMYRDYTWAVWAYTWY,0,0.0
ELFRSGLDSY,RRFRSGLDTL,"1|E/R,2|L/R,9|S/T,10|Y/L",4,0.6,HLA-A*68:01,YYAMYRNNVAQTDVDTLYIMYRDYTWAVWAYTWY,0,0.0
ELFRSGLDSY,REIRSGLDSL,"1|E/R,2|L/E,3|F/I,10|Y/L",4,0.7,HLA-A*68:01,YYAMYRNNVAQTDVDTLYIMYRDYTWAVWAYTWY,0,0.0
ELFRSGLDSY,ERIRSGLISF,"2|L/R,3|F/I,8|D/I,10|Y/F",4,0.6,HLA-A*68:01,YYAMYRNNVAQTDVDTLYIMYRDYTWAVWAYTWY,0,0.0
ELFRSGLDSY,RRFRSGLDLL,"1|E/R,2|L/R,9|S/L,10|Y/L",4,0.6,HLA-A*68:01,YYAMYRNNVAQTDVDTLYIMYRDYTWAVWAYTWY,0,0.0
ELFRSGLDSY,ARFRSGLDTL,"1|E/A,2|L/R,9|S/T,10|Y/L",4,0.6,HLA-A*68:01,YYAMYRNNVAQTDVDTLYIMYRDYTWAVWAYTWY,0,0.0
ELFRSGLDSY,EEIRSGLISL,"2|L/E,3|F/I,8|D/I,10|Y/L",4,0.6,HLA-A*68:01,YYAMYRNNVAQTDVDTLYIMYRDYTWAVWAYTWY,0,0.0
ELFRSGLDSY,SRIRSGLDSL,"1|E/S,2|L/R,3|F/I,10|Y/L",4,0.6,HLA-A*68:01,YYAMYRNNVAQTDVDTLYIMYRDYTWAVWAYTWY,0,0.0
ELFRSGLDSY,SEIRSGLDSL,"1|E/S,2|L/E,3|F/I,10|Y/L",4,0.7,HLA-A*68:01,YYAMYRNNVAQTDVDTLYIMYRDYTWAVWAYTWY,0,0.0
ELFRSGLDSY,SRIRSGLDSF,"1|E/S,2|L/R,3|F/I,10|Y/F",4,0.6,HLA-A*68:01,YYAMYRNNVAQTDVDTLYIMYRDYTWAVWAYTWY,0,0.0
ELFRSGLDSY,AELRSGLDSF,"1|E/A,2|L/E,3|F/L,10|Y/F",4,0.8,HLA-A*68:01,YYAMYRNNVAQTDVDTLYIMYRDYTWAVWAYTWY,0,0.0
ELFRSGLDSY,SRFRSGLDTL,"1|E/S,2|L/R,9|S/T,10|Y/L",4,0.6,HLA-A*68:01,YYAMYRNNVAQTDVDTLYIMYRDYTWAVWAYTWY,0,0.0
ELFRSGLDSY,SRFRSGLDLF,"1|E/S,2|L/R,9|S/L,10|Y/F",4,0.6,HLA-A*68:01,YYAMYRNNVAQTDVDTLYIMYRDYTWAVWAYTWY,0,0.0
ELFRSGLDSY,SRLRSGLDSL,"1|E/S,2|L/R,3|F/L,10|Y/L",4,0.7,HLA-A*68:01,YYAMYRNNVAQTDVDTLYIMYRDYTWAVWAYTWY,0,0.0
ELFRSGLDSY,EELRSGLISL,"2|L/E,3|F/L,8|D/I,10|Y/L",4,0.7,HLA-A*68:01,YYAMYRNNVAQTDVDTLYIMYRDYTWAVWAYTWY,0,0.0
ELFRSGLDSY,REFRSGLDTF,"1|E/R,2|L/E,9|S/T,10|Y/F",4,0.7,HLA-A*68:01,YYAMYRNNVAQTDVDTLYIMYRDYTWAVWAYTWY,0,0.0
ELFRSGLDSY,EEIRSGLLSF,"2|L/E,3|F/I,8|D/L,10|Y/F",4,0.6,HLA-A*68:01,YYAMYRNNVAQTDVDTLYIMYRDYTWAVWAYTWY,0,0.0
ELFRSGLDSY,SEIRSGLDSF,"1|E/S,2|L/E,3|F/I,10|Y/F",4,0.7,HLA-A*68:01,YYAMYRNNVAQTDVDTLYIMYRDYTWAVWAYTWY,0,0.0
ELFRSGLDSY,ERIRSGLLSL,"2|L/R,3|F/I,8|D/L,10|Y/L",4,0.6,HLA-A*68:01,YYAMYRNNVAQTDVDTLYIMYRDYTWAVWAYTWY,0,0.0
ELFRSGLDSY,RRIRSGLDSL,"1|E/R,2|L/R,3|F/I,10|Y/L",4,0.6,HLA-A*68:01,YYAMYRNNVAQTDVDTLYIMYRDYTWAVWAYTWY,0,0.0
ELFRSGLDSY,REFRSGLDTL,"1|E/R,2|L/E,9|S/T,10|Y/L",4,0.7,HLA-A*68:01,YYAMYRNNVAQTDVDTLYIMYRDYTWAVWAYTWY,0,0.0
ELFRSGLDSY,EEIRSGLISF,"2|L/E,3|F/I,8|D/I,10|Y/F",4,0.6,HLA-A*68:01,YYAMYRNNVAQTDVDTLYIMYRDYTWAVWAYTWY,0,0.0
ELFRSGLDSY,SELRSGLDSF,"1|E/S,2|L/E,3|F/L,10|Y/F",4,0.8,HLA-A*68:01,YYAMYRNNVAQTDVDTLYIMYRDYTWAVWAYTWY,0,0.0
ELFRSGLDSY,ERIRSGLVSF,"2|L/R,3|F/I,8|D/V,10|Y/F",4,0.6,HLA-A*68:01,YYAMYRNNVAQTDVDTLYIMYRDYTWAVWAYTWY,0,0.0
ELFRSGLDSY,SEFRSGLDTF,"1|E/S,2|L/E,9|S/T,10|Y/F",4,0.7,HLA-A*68:01,YYAMYRNNVAQTDVDTLYIMYRDYTWAVWAYTWY,0,0.0002
ELFRSGLDSY,AEIRSGLDSL,"1|E/A,2|L/E,3|F/I,10|Y/L",4,0.7,HLA-A*68:01,YYAMYRNNVAQTDVDTLYIMYRDYTWAVWAYTWY,0,0.0
ELFRSGLDSY,RRLRSGLDSL,"1|E/R,2|L/R,3|F/L,10|Y/L",4,0.7,HLA-A*68:01,YYAMYRNNVAQTDVDTLYIMYRDYTWAVWAYTWY,0,0.0
ELFRSGLDSY,ERIRSGLISL,"2|L/R,3|F/I,8|D/I,10|Y/L",4,0.6,HLA-A*68:01,YYAMYRNNVAQTDVDTLYIMYRDYTWAVWAYTWY,0,0.0
ELFRSGLDSY,ARFRSGLDLL,"1|E/A,2|L/R,9|S/L,10|Y/L",4,0.6,HLA-A*68:01,YYAMYRNNVAQTDVDTLYIMYRDYTWAVWAYTWY,0,0.0
ELFRSGLDSY,SEFRSGLDLF,"1|E/S,2|L/E,9|S/L,10|Y/F",4,0.7,HLA-A*68:01,YYAMYRNNVAQTDVDTLYIMYRDYTWAVWAYTWY,0,0.0
ELFRSGLDSY,SELRSGLDSL,"1|E/S,2|L/E,3|F/L,10|Y/L",4,0.8,HLA-A*68:01,YYAMYRNNVAQTDVDTLYIMYRDYTWAVWAYTWY,0,0.0
ELFRSGLDSY,RRFRSGLDTF,"1|E/R,2|L/R,9|S/T,10|Y/F",4,0.6,HLA-A*68:01,YYAMYRNNVAQTDVDTLYIMYRDYTWAVWAYTWY,0,0.0
ELFRSGLDSY,ERIRSGLLSF,"2|L/R,3|F/I,8|D/L,10|Y/F",4,0.6,HLA-A*68:01,YYAMYRNNVAQTDVDTLYIMYRDYTWAVWAYTWY,0,0.0
ELFRSGLDSY,RRIRSGLDSF,"1|E/R,2|L/R,3|F/I,10|Y/F",4,0.6,HLA-A*68:01,YYAMYRNNVAQTDVDTLYIMYRDYTWAVWAYTWY,0,0.0
