original_peptide,mutation_peptide,mutation_position_AAtype,mutation_AA_number,sequence similarity,HLA,HLA_sequence,y_pred,y_prob
ELFRSGLDSY,ELFRSGLDSY,,1,1.0,HLA-A*68:01,YYAMYRNNVAQTDVDTLYIMYRDYTWAVWAYTWY,1,0.9993
ELFRSGLDSY,ALFRSGLDSY,1|E/A,1,0.9,HLA-A*68:01,YYAMYRNNVAQTDVDTLYIMYRDYTWAVWAYTWY,1,0.9884
ELFRSGLDSY,ELIRSGLDSY,3|F/I,1,0.9,HLA-A*68:01,YYAMYRNNVAQTDVDTLYIMYRDYTWAVWAYTWY,1,0.9999
ELFRSGLDSY,ELFRSGLVSY,8|D/V,1,0.9,HLA-A*68:01,YYAMYRNNVAQTDVDTLYIMYRDYTWAVWAYTWY,1,0.986
ELFRSGLDSY,SLFRSGLDSY,1|E/S,1,0.9,HLA-A*68:01,YYAMYRNNVAQTDVDTLYIMYRDYTWAVWAYTWY,1,0.9995
ELFRSGLDSY,RLFRSGLDSY,1|E/R,1,0.9,HLA-A*68:01,YYAMYRNNVAQTDVDTLYIMYRDYTWAVWAYTWY,1,0.9947
ELFRSGLDSY,ELFRSGLDSF,10|Y/F,1,0.9,HLA-A*68:01,YYAMYRNNVAQTDVDTLYIMYRDYTWAVWAYTWY,0,0.0
ELFRSGLDSY,ELFRSGLDSL,10|Y/L,1,0.9,HLA-A*68:01,YYAMYRNNVAQTDVDTLYIMYRDYTWAVWAYTWY,0,0.0
ELFRSGLDSY,ERFRSGLDSY,2|L/R,1,0.9,HLA-A*68:01,YYAMYRNNVAQTDVDTLYIMYRDYTWAVWAYTWY,0,0.0965
ELFRSGLDSY,ELFRSGLISY,8|D/I,1,0.9,HLA-A*68:01,YYAMYRNNVAQTDVDTLYIMYRDYTWAVWAYTWY,1,0.9989
ELFRSGLDSY,EEFRSGLDSY,2|L/E,1,0.9,HLA-A*68:01,YYAMYRNNVAQTDVDTLYIMYRDYTWAVWAYTWY,1,0.8668
ELFRSGLDSY,ELFRSGLLSY,8|D/L,1,0.9,HLA-A*68:01,YYAMYRNNVAQTDVDTLYIMYRDYTWAVWAYTWY,1,0.9991
ELFRSGLDSY,ELFRSGLDLY,9|S/L,1,0.9,HLA-A*68:01,YYAMYRNNVAQTDVDTLYIMYRDYTWAVWAYTWY,1,0.9996
ELFRSGLDSY,ELLRSGLDSY,3|F/L,1,0.9,HLA-A*68:01,YYAMYRNNVAQTDVDTLYIMYRDYTWAVWAYTWY,1,0.963
ELFRSGLDSY,ELFRSGLDTY,9|S/T,1,0.9,HLA-A*68:01,YYAMYRNNVAQTDVDTLYIMYRDYTWAVWAYTWY,1,0.9967
ELFRSGLDSY,SRFRSGLDSY,"1|E/S,2|L/R",2,0.8,HLA-A*68:01,YYAMYRNNVAQTDVDTLYIMYRDYTWAVWAYTWY,1,0.7162
ELFRSGLDSY,SLFRSGLDTY,"1|E/S,9|S/T",2,0.8,HLA-A*68:01,YYAMYRNNVAQTDVDTLYIMYRDYTWAVWAYTWY,1,0.9996
ELFRSGLDSY,ELIRSGLDSL,"3|F/I,10|Y/L",2,0.8,HLA-A*68:01,YYAMYRNNVAQTDVDTLYIMYRDYTWAVWAYTWY,0,0.0
ELFRSGLDSY,EEFRSGLDTY,"2|L/E,9|S/T",2,0.8,HLA-A*68:01,YYAMYRNNVAQTDVDTLYIMYRDYTWAVWAYTWY,1,0.9143
ELFRSGLDSY,EEFRSGLVSY,"2|L/E,8|D/V",2,0.8,HLA-A*68:01,YYAMYRNNVAQTDVDTLYIMYRDYTWAVWAYTWY,0,0.4946
ELFRSGLDSY,SLLRSGLDSY,"1|E/S,3|F/L",2,0.8,HLA-A*68:01,YYAMYRNNVAQTDVDTLYIMYRDYTWAVWAYTWY,0,0.4737
ELFRSGLDSY,RLLRSGLDSY,"1|E/R,3|F/L",2,0.8,HLA-A*68:01,YYAMYRNNVAQTDVDTLYIMYRDYTWAVWAYTWY,0,0.3276
ELFRSGLDSY,RLFRSGLDSL,"1|E/R,10|Y/L",2,0.8,HLA-A*68:01,YYAMYRNNVAQTDVDTLYIMYRDYTWAVWAYTWY,0,0.0
ELFRSGLDSY,EELRSGLDSY,"2|L/E,3|F/L",2,0.9,HLA-A*68:01,YYAMYRNNVAQTDVDTLYIMYRDYTWAVWAYTWY,0,0.0125
ELFRSGLDSY,RLFESGLDSY,"1|E/R,4|R/E",2,0.8,HLA-A*68:01,YYAMYRNNVAQTDVDTLYIMYRDYTWAVWAYTWY,1,0.9957
ELFRSGLDSY,REFRSGLDSY,"1|E/R,2|L/E",2,0.9,HLA-A*68:01,YYAMYRNNVAQTDVDTLYIMYRDYTWAVWAYTWY,0,0.0021
ELFRSGLDSY,ALFRSGLDSF,"1|E/A,10|Y/F",2,0.8,HLA-A*68:01,YYAMYRNNVAQTDVDTLYIMYRDYTWAVWAYTWY,0,0.0
ELFRSGLDSY,RLFRSGLDSF,"1|E/R,10|Y/F",2,0.8,HLA-A*68:01,YYAMYRNNVAQTDVDTLYIMYRDYTWAVWAYTWY,0,0.0003
ELFRSGLDSY,ALFESGLDSY,"1|E/A,4|R/E",2,0.8,HLA-A*68:01,YYAMYRNNVAQTDVDTLYIMYRDYTWAVWAYTWY,1,1.0
ELFRSGLDSY,RLFDSGLDSY,"1|E/R,4|R/D",2,0.8,HLA-A*68:01,YYAMYRNNVAQTDVDTLYIMYRDYTWAVWAYTWY,1,0.9985
ELFRSGLDSY,ELIRSGLVSY,"3|F/I,8|D/V",2,0.8,HLA-A*68:01,YYAMYRNNVAQTDVDTLYIMYRDYTWAVWAYTWY,1,0.999
ELFRSGLDSY,ELIRSGLISY,"3|F/I,8|D/I",2,0.8,HLA-A*68:01,YYAMYRNNVAQTDVDTLYIMYRDYTWAVWAYTWY,1,0.9997
ELFRSGLDSY,ELFRSGLISF,"8|D/I,10|Y/F",2,0.8,HLA-A*68:01,YYAMYRNNVAQTDVDTLYIMYRDYTWAVWAYTWY,0,0.0
ELFRSGLDSY,EEFRSGLDSL,"2|L/E,10|Y/L",2,0.8,HLA-A*68:01,YYAMYRNNVAQTDVDTLYIMYRDYTWAVWAYTWY,0,0.0
ELFRSGLDSY,ELIRSGLLSY,"3|F/I,8|D/L",2,0.8,HLA-A*68:01,YYAMYRNNVAQTDVDTLYIMYRDYTWAVWAYTWY,1,0.9997
ELFRSGLDSY,SLFESGLDSY,"1|E/S,4|R/E",2,0.8,HLA-A*68:01,YYAMYRNNVAQTDVDTLYIMYRDYTWAVWAYTWY,1,0.9998
ELFRSGLDSY,ELLRSGLLSY,"3|F/L,8|D/L",2,0.8,HLA-A*68:01,YYAMYRNNVAQTDVDTLYIMYRDYTWAVWAYTWY,1,0.8933
ELFRSGLDSY,EEFRSGLDLY,"2|L/E,9|S/L",2,0.8,HLA-A*68:01,YYAMYRNNVAQTDVDTLYIMYRDYTWAVWAYTWY,1,0.9247
ELFRSGLDSY,SLFDSGLDSY,"1|E/S,4|R/D",2,0.8,HLA-A*68:01,YYAMYRNNVAQTDVDTLYIMYRDYTWAVWAYTWY,1,0.9954
ELFRSGLDSY,ALLRSGLDSY,"1|E/A,3|F/L",2,0.8,HLA-A*68:01,YYAMYRNNVAQTDVDTLYIMYRDYTWAVWAYTWY,0,0.115
ELFRSGLDSY,ALFRSGLDLY,"1|E/A,9|S/L",2,0.8,HLA-A*68:01,YYAMYRNNVAQTDVDTLYIMYRDYTWAVWAYTWY,1,0.9853
ELFRSGLDSY,ELLRSGLVSY,"3|F/L,8|D/V",2,0.8,HLA-A*68:01,YYAMYRNNVAQTDVDTLYIMYRDYTWAVWAYTWY,0,0.341
ELFRSGLDSY,SLFRSGLDLY,"1|E/S,9|S/L",2,0.8,HLA-A*68:01,YYAMYRNNVAQTDVDTLYIMYRDYTWAVWAYTWY,1,0.9998
ELFRSGLDSY,ELFRSGLVSL,"8|D/V,10|Y/L",2,0.8,HLA-A*68:01,YYAMYRNNVAQTDVDTLYIMYRDYTWAVWAYTWY,0,0.0
ELFRSGLDSY,ALIRSGLDSY,"1|E/A,3|F/I",2,0.8,HLA-A*68:01,YYAMYRNNVAQTDVDTLYIMYRDYTWAVWAYTWY,1,0.9543
ELFRSGLDSY,ERFRSGLLSY,"2|L/R,8|D/L",2,0.8,HLA-A*68:01,YYAMYRNNVAQTDVDTLYIMYRDYTWAVWAYTWY,0,0.069
ELFRSGLDSY,ERIRSGLDSY,"2|L/R,3|F/I",2,0.8,HLA-A*68:01,YYAMYRNNVAQTDVDTLYIMYRDYTWAVWAYTWY,0,0.0007
ELFRSGLDSY,ELFRSGLLSF,"8|D/L,10|Y/F",2,0.8,HLA-A*68:01,YYAMYRNNVAQTDVDTLYIMYRDYTWAVWAYTWY,0,0.0
ELFRSGLDSY,EEFRSGLLSY,"2|L/E,8|D/L",2,0.8,HLA-A*68:01,YYAMYRNNVAQTDVDTLYIMYRDYTWAVWAYTWY,1,0.5936
ELFRSGLDSY,EEFRSGLISY,"2|L/E,8|D/I",2,0.8,HLA-A*68:01,YYAMYRNNVAQTDVDTLYIMYRDYTWAVWAYTWY,1,0.9172
ELFRSGLDSY,ERFRSGLISY,"2|L/R,8|D/I",2,0.8,HLA-A*68:01,YYAMYRNNVAQTDVDTLYIMYRDYTWAVWAYTWY,0,0.2172
ELFRSGLDSY,RRFRSGLDSY,"1|E/R,2|L/R",2,0.8,HLA-A*68:01,YYAMYRNNVAQTDVDTLYIMYRDYTWAVWAYTWY,0,0.0226
ELFRSGLDSY,ALFRSGLDTY,"1|E/A,9|S/T",2,0.8,HLA-A*68:01,YYAMYRNNVAQTDVDTLYIMYRDYTWAVWAYTWY,1,0.9953
ELFRSGLDSY,ERFRSGLDSL,"2|L/R,10|Y/L",2,0.8,HLA-A*68:01,YYAMYRNNVAQTDVDTLYIMYRDYTWAVWAYTWY,0,0.0
ELFRSGLDSY,SLFRSGLDSL,"1|E/S,10|Y/L",2,0.8,HLA-A*68:01,YYAMYRNNVAQTDVDTLYIMYRDYTWAVWAYTWY,0,0.0
ELFRSGLDSY,ELFRSGLISL,"8|D/I,10|Y/L",2,0.8,HLA-A*68:01,YYAMYRNNVAQTDVDTLYIMYRDYTWAVWAYTWY,0,0.0
ELFRSGLDSY,RLIRSGLDSY,"1|E/R,3|F/I",2,0.8,HLA-A*68:01,YYAMYRNNVAQTDVDTLYIMYRDYTWAVWAYTWY,1,0.8991
ELFRSGLDSY,RLFPSGLDSY,"1|E/R,4|R/P",2,0.8,HLA-A*68:01,YYAMYRNNVAQTDVDTLYIMYRDYTWAVWAYTWY,1,0.9998
ELFRSGLDSY,SEFRSGLDSY,"1|E/S,2|L/E",2,0.9,HLA-A*68:01,YYAMYRNNVAQTDVDTLYIMYRDYTWAVWAYTWY,1,0.9785
ELFRSGLDSY,ELLRSGLDSL,"3|F/L,10|Y/L",2,0.8,HLA-A*68:01,YYAMYRNNVAQTDVDTLYIMYRDYTWAVWAYTWY,0,0.0
ELFRSGLDSY,ELLRSGLDSF,"3|F/L,10|Y/F",2,0.8,HLA-A*68:01,YYAMYRNNVAQTDVDTLYIMYRDYTWAVWAYTWY,0,0.0
ELFRSGLDSY,ELFRSGLLSL,"8|D/L,10|Y/L",2,0.8,HLA-A*68:01,YYAMYRNNVAQTDVDTLYIMYRDYTWAVWAYTWY,0,0.0
ELFRSGLDSY,ELLRSGLISY,"3|F/L,8|D/I",2,0.8,HLA-A*68:01,YYAMYRNNVAQTDVDTLYIMYRDYTWAVWAYTWY,1,0.8882
ELFRSGLDSY,EEIRSGLDSY,"2|L/E,3|F/I",2,0.8,HLA-A*68:01,YYAMYRNNVAQTDVDTLYIMYRDYTWAVWAYTWY,0,0.165
ELFRSGLDSY,ALFDSGLDSY,"1|E/A,4|R/D",2,0.8,HLA-A*68:01,YYAMYRNNVAQTDVDTLYIMYRDYTWAVWAYTWY,1,0.9943
ELFRSGLDSY,EEFRSGLDSF,"2|L/E,10|Y/F",2,0.8,HLA-A*68:01,YYAMYRNNVAQTDVDTLYIMYRDYTWAVWAYTWY,0,0.0
ELFRSGLDSY,AEFRSGLDSY,"1|E/A,2|L/E",2,0.9,HLA-A*68:01,YYAMYRNNVAQTDVDTLYIMYRDYTWAVWAYTWY,0,0.4508
ELFRSGLDSY,ERFRSGLDSF,"2|L/R,10|Y/F",2,0.8,HLA-A*68:01,YYAMYRNNVAQTDVDTLYIMYRDYTWAVWAYTWY,0,0.0
ELFRSGLDSY,ELIRSGLDSF,"3|F/I,10|Y/F",2,0.8,HLA-A*68:01,YYAMYRNNVAQTDVDTLYIMYRDYTWAVWAYTWY,0,0.0
ELFRSGLDSY,ALFPSGLDSY,"1|E/A,4|R/P",2,0.8,HLA-A*68:01,YYAMYRNNVAQTDVDTLYIMYRDYTWAVWAYTWY,1,0.9932
ELFRSGLDSY,ELFRSGLVSF,"8|D/V,10|Y/F",2,0.8,HLA-A*68:01,YYAMYRNNVAQTDVDTLYIMYRDYTWAVWAYTWY,0,0.0
ELFRSGLDSY,ERFRSGLDTY,"2|L/R,9|S/T",2,0.8,HLA-A*68:01,YYAMYRNNVAQTDVDTLYIMYRDYTWAVWAYTWY,0,0.3662
ELFRSGLDSY,ERFRSGLVSY,"2|L/R,8|D/V",2,0.8,HLA-A*68:01,YYAMYRNNVAQTDVDTLYIMYRDYTWAVWAYTWY,0,0.0067
ELFRSGLDSY,RLFRSGLDTY,"1|E/R,9|S/T",2,0.8,HLA-A*68:01,YYAMYRNNVAQTDVDTLYIMYRDYTWAVWAYTWY,1,0.9729
ELFRSGLDSY,SLFPSGLDSY,"1|E/S,4|R/P",2,0.8,HLA-A*68:01,YYAMYRNNVAQTDVDTLYIMYRDYTWAVWAYTWY,1,0.9994
ELFRSGLDSY,SLFRSGLDSF,"1|E/S,10|Y/F",2,0.8,HLA-A*68:01,YYAMYRNNVAQTDVDTLYIMYRDYTWAVWAYTWY,0,0.0002
ELFRSGLDSY,ALFRSGLDSL,"1|E/A,10|Y/L",2,0.8,HLA-A*68:01,YYAMYRNNVAQTDVDTLYIMYRDYTWAVWAYTWY,0,0.0
ELFRSGLDSY,ERLRSGLDSY,"2|L/R,3|F/L",2,0.9,HLA-A*68:01,YYAMYRNNVAQTDVDTLYIMYRDYTWAVWAYTWY,0,0.0003
ELFRSGLDSY,ARFRSGLDSY,"1|E/A,2|L/R",2,0.8,HLA-A*68:01,YYAMYRNNVAQTDVDTLYIMYRDYTWAVWAYTWY,0,0.0197
ELFRSGLDSY,RLFRSGLDLY,"1|E/R,9|S/L",2,0.8,HLA-A*68:01,YYAMYRNNVAQTDVDTLYIMYRDYTWAVWAYTWY,1,0.9872
ELFRSGLDSY,ERFRSGLDLY,"2|L/R,9|S/L",2,0.8,HLA-A*68:01,YYAMYRNNVAQTDVDTLYIMYRDYTWAVWAYTWY,0,0.1749
ELFRSGLDSY,SLIRSGLDSY,"1|E/S,3|F/I",2,0.8,HLA-A*68:01,YYAMYRNNVAQTDVDTLYIMYRDYTWAVWAYTWY,1,0.9977
ELFRSGLDSY,EELRSGLVSY,"2|L/E,3|F/L,8|D/V",3,0.8,HLA-A*68:01,YYAMYRNNVAQTDVDTLYIMYRDYTWAVWAYTWY,0,0.0056
ELFRSGLDSY,SEFRSGLDLY,"1|E/S,2|L/E,9|S/L",3,0.8,HLA-A*68:01,YYAMYRNNVAQTDVDTLYIMYRDYTWAVWAYTWY,1,0.9943
ELFRSGLDSY,AEIRSGLDSY,"1|E/A,2|L/E,3|F/I",3,0.8,HLA-A*68:01,YYAMYRNNVAQTDVDTLYIMYRDYTWAVWAYTWY,0,0.0116
ELFRSGLDSY,ELLRSGLISF,"3|F/L,8|D/I,10|Y/F",3,0.7,HLA-A*68:01,YYAMYRNNVAQTDVDTLYIMYRDYTWAVWAYTWY,0,0.0
ELFRSGLDSY,AELRSGLDSY,"1|E/A,2|L/E,3|F/L",3,0.9,HLA-A*68:01,YYAMYRNNVAQTDVDTLYIMYRDYTWAVWAYTWY,0,0.0021
ELFRSGLDSY,EEFRSGLLSF,"2|L/E,8|D/L,10|Y/F",3,0.7,HLA-A*68:01,YYAMYRNNVAQTDVDTLYIMYRDYTWAVWAYTWY,0,0.0
ELFRSGLDSY,ELLRSGLVSL,"3|F/L,8|D/V,10|Y/L",3,0.7,HLA-A*68:01,YYAMYRNNVAQTDVDTLYIMYRDYTWAVWAYTWY,0,0.0
ELFRSGLDSY,ERIRSGLDSL,"2|L/R,3|F/I,10|Y/L",3,0.7,HLA-A*68:01,YYAMYRNNVAQTDVDTLYIMYRDYTWAVWAYTWY,0,0.0
ELFRSGLDSY,ELLRSGLLSF,"3|F/L,8|D/L,10|Y/F",3,0.7,HLA-A*68:01,YYAMYRNNVAQTDVDTLYIMYRDYTWAVWAYTWY,0,0.0
ELFRSGLDSY,RRFRSGLDLY,"1|E/R,2|L/R,9|S/L",3,0.7,HLA-A*68:01,YYAMYRNNVAQTDVDTLYIMYRDYTWAVWAYTWY,0,0.0106
ELFRSGLDSY,ERIRSGLVSY,"2|L/R,3|F/I,8|D/V",3,0.7,HLA-A*68:01,YYAMYRNNVAQTDVDTLYIMYRDYTWAVWAYTWY,0,0.0004
ELFRSGLDSY,SELRSGLDSY,"1|E/S,2|L/E,3|F/L",3,0.9,HLA-A*68:01,YYAMYRNNVAQTDVDTLYIMYRDYTWAVWAYTWY,0,0.0382
ELFRSGLDSY,ERLRSGLDSF,"2|L/R,3|F/L,10|Y/F",3,0.8,HLA-A*68:01,YYAMYRNNVAQTDVDTLYIMYRDYTWAVWAYTWY,0,0.0
ELFRSGLDSY,ARIRSGLDSY,"1|E/A,2|L/R,3|F/I",3,0.7,HLA-A*68:01,YYAMYRNNVAQTDVDTLYIMYRDYTWAVWAYTWY,0,0.0004
ELFRSGLDSY,EEIRSGLISY,"2|L/E,3|F/I,8|D/I",3,0.7,HLA-A*68:01,YYAMYRNNVAQTDVDTLYIMYRDYTWAVWAYTWY,1,0.7337
ELFRSGLDSY,RLIRSGLDSL,"1|E/R,3|F/I,10|Y/L",3,0.7,HLA-A*68:01,YYAMYRNNVAQTDVDTLYIMYRDYTWAVWAYTWY,0,0.0
ELFRSGLDSY,EEIRSGLDSL,"2|L/E,3|F/I,10|Y/L",3,0.7,HLA-A*68:01,YYAMYRNNVAQTDVDTLYIMYRDYTWAVWAYTWY,0,0.0
ELFRSGLDSY,ERLRSGLISY,"2|L/R,3|F/L,8|D/I",3,0.8,HLA-A*68:01,YYAMYRNNVAQTDVDTLYIMYRDYTWAVWAYTWY,0,0.0008
ELFRSGLDSY,EEIRSGLDSF,"2|L/E,3|F/I,10|Y/F",3,0.7,HLA-A*68:01,YYAMYRNNVAQTDVDTLYIMYRDYTWAVWAYTWY,0,0.0
ELFRSGLDSY,SEFPSGLDSY,"1|E/S,2|L/E,4|R/P",3,0.8,HLA-A*68:01,YYAMYRNNVAQTDVDTLYIMYRDYTWAVWAYTWY,0,0.0065
ELFRSGLDSY,REFRSGLDSF,"1|E/R,2|L/E,10|Y/F",3,0.8,HLA-A*68:01,YYAMYRNNVAQTDVDTLYIMYRDYTWAVWAYTWY,0,0.0
ELFRSGLDSY,ARFRSGLDSL,"1|E/A,2|L/R,10|Y/L",3,0.7,HLA-A*68:01,YYAMYRNNVAQTDVDTLYIMYRDYTWAVWAYTWY,0,0.0
ELFRSGLDSY,ELIRSGLVSF,"3|F/I,8|D/V,10|Y/F",3,0.7,HLA-A*68:01,YYAMYRNNVAQTDVDTLYIMYRDYTWAVWAYTWY,0,0.0
ELFRSGLDSY,SEFRSGLDTY,"1|E/S,2|L/E,9|S/T",3,0.8,HLA-A*68:01,YYAMYRNNVAQTDVDTLYIMYRDYTWAVWAYTWY,1,0.9649
ELFRSGLDSY,REFDSGLDSY,"1|E/R,2|L/E,4|R/D",3,0.7,HLA-A*68:01,YYAMYRNNVAQTDVDTLYIMYRDYTWAVWAYTWY,0,0.0019
ELFRSGLDSY,SLFDSGLDTY,"1|E/S,4|R/D,9|S/T",3,0.7,HLA-A*68:01,YYAMYRNNVAQTDVDTLYIMYRDYTWAVWAYTWY,1,0.998
ELFRSGLDSY,ELIRSGLISL,"3|F/I,8|D/I,10|Y/L",3,0.7,HLA-A*68:01,YYAMYRNNVAQTDVDTLYIMYRDYTWAVWAYTWY,0,0.0
ELFRSGLDSY,EELRSGLDSL,"2|L/E,3|F/L,10|Y/L",3,0.8,HLA-A*68:01,YYAMYRNNVAQTDVDTLYIMYRDYTWAVWAYTWY,0,0.0
ELFRSGLDSY,REFESGLDSY,"1|E/R,2|L/E,4|R/E",3,0.7,HLA-A*68:01,YYAMYRNNVAQTDVDTLYIMYRDYTWAVWAYTWY,0,0.0044
ELFRSGLDSY,ERLRSGLDSL,"2|L/R,3|F/L,10|Y/L",3,0.8,HLA-A*68:01,YYAMYRNNVAQTDVDTLYIMYRDYTWAVWAYTWY,0,0.0
ELFRSGLDSY,SEFDSGLDSY,"1|E/S,2|L/E,4|R/D",3,0.8,HLA-A*68:01,YYAMYRNNVAQTDVDTLYIMYRDYTWAVWAYTWY,0,0.0501
ELFRSGLDSY,SLFPSGLDTY,"1|E/S,4|R/P,9|S/T",3,0.7,HLA-A*68:01,YYAMYRNNVAQTDVDTLYIMYRDYTWAVWAYTWY,1,0.9989
ELFRSGLDSY,REFRSGLDLY,"1|E/R,2|L/E,9|S/L",3,0.8,HLA-A*68:01,YYAMYRNNVAQTDVDTLYIMYRDYTWAVWAYTWY,0,0.003
ELFRSGLDSY,SLIRSGLDSF,"1|E/S,3|F/I,10|Y/F",3,0.7,HLA-A*68:01,YYAMYRNNVAQTDVDTLYIMYRDYTWAVWAYTWY,0,0.0001
ELFRSGLDSY,EELRSGLDSF,"2|L/E,3|F/L,10|Y/F",3,0.8,HLA-A*68:01,YYAMYRNNVAQTDVDTLYIMYRDYTWAVWAYTWY,0,0.0
ELFRSGLDSY,SEFESGLDSY,"1|E/S,2|L/E,4|R/E",3,0.8,HLA-A*68:01,YYAMYRNNVAQTDVDTLYIMYRDYTWAVWAYTWY,0,0.2532
ELFRSGLDSY,RRFRSGLDSL,"1|E/R,2|L/R,10|Y/L",3,0.7,HLA-A*68:01,YYAMYRNNVAQTDVDTLYIMYRDYTWAVWAYTWY,0,0.0
ELFRSGLDSY,SRFESGLDSY,"1|E/S,2|L/R,4|R/E",3,0.7,HLA-A*68:01,YYAMYRNNVAQTDVDTLYIMYRDYTWAVWAYTWY,1,0.7498
ELFRSGLDSY,ERIRSGLLSY,"2|L/R,3|F/I,8|D/L",3,0.7,HLA-A*68:01,YYAMYRNNVAQTDVDTLYIMYRDYTWAVWAYTWY,0,0.001
ELFRSGLDSY,ERIRSGLDSF,"2|L/R,3|F/I,10|Y/F",3,0.7,HLA-A*68:01,YYAMYRNNVAQTDVDTLYIMYRDYTWAVWAYTWY,0,0.0
ELFRSGLDSY,SRFDSGLDSY,"1|E/S,2|L/R,4|R/D",3,0.7,HLA-A*68:01,YYAMYRNNVAQTDVDTLYIMYRDYTWAVWAYTWY,1,0.996
ELFRSGLDSY,EEFRSGLVSL,"2|L/E,8|D/V,10|Y/L",3,0.7,HLA-A*68:01,YYAMYRNNVAQTDVDTLYIMYRDYTWAVWAYTWY,0,0.0
ELFRSGLDSY,AEFPSGLDSY,"1|E/A,2|L/E,4|R/P",3,0.8,HLA-A*68:01,YYAMYRNNVAQTDVDTLYIMYRDYTWAVWAYTWY,0,0.0031
ELFRSGLDSY,SRLRSGLDSY,"1|E/S,2|L/R,3|F/L",3,0.8,HLA-A*68:01,YYAMYRNNVAQTDVDTLYIMYRDYTWAVWAYTWY,0,0.0181
ELFRSGLDSY,REFRSGLDSL,"1|E/R,2|L/E,10|Y/L",3,0.8,HLA-A*68:01,YYAMYRNNVAQTDVDTLYIMYRDYTWAVWAYTWY,0,0.0
ELFRSGLDSY,SRIRSGLDSY,"1|E/S,2|L/R,3|F/I",3,0.7,HLA-A*68:01,YYAMYRNNVAQTDVDTLYIMYRDYTWAVWAYTWY,0,0.0355
ELFRSGLDSY,ELIRSGLVSL,"3|F/I,8|D/V,10|Y/L",3,0.7,HLA-A*68:01,YYAMYRNNVAQTDVDTLYIMYRDYTWAVWAYTWY,0,0.0
ELFRSGLDSY,AEFRSGLDSF,"1|E/A,2|L/E,10|Y/F",3,0.8,HLA-A*68:01,YYAMYRNNVAQTDVDTLYIMYRDYTWAVWAYTWY,0,0.0
ELFRSGLDSY,SRFRSGLDTY,"1|E/S,2|L/R,9|S/T",3,0.7,HLA-A*68:01,YYAMYRNNVAQTDVDTLYIMYRDYTWAVWAYTWY,1,0.9334
ELFRSGLDSY,EEFRSGLISL,"2|L/E,8|D/I,10|Y/L",3,0.7,HLA-A*68:01,YYAMYRNNVAQTDVDTLYIMYRDYTWAVWAYTWY,0,0.0
ELFRSGLDSY,ALFESGLDLY,"1|E/A,4|R/E,9|S/L",3,0.7,HLA-A*68:01,YYAMYRNNVAQTDVDTLYIMYRDYTWAVWAYTWY,1,0.9999
ELFRSGLDSY,RLFPSGLDLY,"1|E/R,4|R/P,9|S/L",3,0.7,HLA-A*68:01,YYAMYRNNVAQTDVDTLYIMYRDYTWAVWAYTWY,1,0.9999
ELFRSGLDSY,ARFDSGLDSY,"1|E/A,2|L/R,4|R/D",3,0.7,HLA-A*68:01,YYAMYRNNVAQTDVDTLYIMYRDYTWAVWAYTWY,1,0.7336
ELFRSGLDSY,ARFRSGLDLY,"1|E/A,2|L/R,9|S/L",3,0.7,HLA-A*68:01,YYAMYRNNVAQTDVDTLYIMYRDYTWAVWAYTWY,0,0.0474
ELFRSGLDSY,ERFRSGLLSL,"2|L/R,8|D/L,10|Y/L",3,0.7,HLA-A*68:01,YYAMYRNNVAQTDVDTLYIMYRDYTWAVWAYTWY,0,0.0
ELFRSGLDSY,RLIRSGLDSF,"1|E/R,3|F/I,10|Y/F",3,0.7,HLA-A*68:01,YYAMYRNNVAQTDVDTLYIMYRDYTWAVWAYTWY,0,0.0
ELFRSGLDSY,ELLRSGLLSL,"3|F/L,8|D/L,10|Y/L",3,0.7,HLA-A*68:01,YYAMYRNNVAQTDVDTLYIMYRDYTWAVWAYTWY,0,0.0
ELFRSGLDSY,RLLRSGLDSL,"1|E/R,3|F/L,10|Y/L",3,0.7,HLA-A*68:01,YYAMYRNNVAQTDVDTLYIMYRDYTWAVWAYTWY,0,0.0
ELFRSGLDSY,ERLRSGLLSY,"2|L/R,3|F/L,8|D/L",3,0.8,HLA-A*68:01,YYAMYRNNVAQTDVDTLYIMYRDYTWAVWAYTWY,0,0.0003
ELFRSGLDSY,RLLRSGLDSF,"1|E/R,3|F/L,10|Y/F",3,0.7,HLA-A*68:01,YYAMYRNNVAQTDVDTLYIMYRDYTWAVWAYTWY,0,0.0
ELFRSGLDSY,EEFRSGLLSL,"2|L/E,8|D/L,10|Y/L",3,0.7,HLA-A*68:01,YYAMYRNNVAQTDVDTLYIMYRDYTWAVWAYTWY,0,0.0
ELFRSGLDSY,ALLRSGLDSL,"1|E/A,3|F/L,10|Y/L",3,0.7,HLA-A*68:01,YYAMYRNNVAQTDVDTLYIMYRDYTWAVWAYTWY,0,0.0
ELFRSGLDSY,ERLRSGLVSY,"2|L/R,3|F/L,8|D/V",3,0.8,HLA-A*68:01,YYAMYRNNVAQTDVDTLYIMYRDYTWAVWAYTWY,0,0.0
ELFRSGLDSY,ALIRSGLDSL,"1|E/A,3|F/I,10|Y/L",3,0.7,HLA-A*68:01,YYAMYRNNVAQTDVDTLYIMYRDYTWAVWAYTWY,0,0.0
ELFRSGLDSY,SLFDSGLDLY,"1|E/S,4|R/D,9|S/L",3,0.7,HLA-A*68:01,YYAMYRNNVAQTDVDTLYIMYRDYTWAVWAYTWY,1,0.9994
ELFRSGLDSY,RRFPSGLDSY,"1|E/R,2|L/R,4|R/P",3,0.7,HLA-A*68:01,YYAMYRNNVAQTDVDTLYIMYRDYTWAVWAYTWY,0,0.0095
ELFRSGLDSY,ALFDSGLDLY,"1|E/A,4|R/D,9|S/L",3,0.7,HLA-A*68:01,YYAMYRNNVAQTDVDTLYIMYRDYTWAVWAYTWY,1,0.9966
ELFRSGLDSY,AEFDSGLDSY,"1|E/A,2|L/E,4|R/D",3,0.8,HLA-A*68:01,YYAMYRNNVAQTDVDTLYIMYRDYTWAVWAYTWY,0,0.0263
ELFRSGLDSY,ERFRSGLISF,"2|L/R,8|D/I,10|Y/F",3,0.7,HLA-A*68:01,YYAMYRNNVAQTDVDTLYIMYRDYTWAVWAYTWY,0,0.0
ELFRSGLDSY,ELIRSGLLSL,"3|F/I,8|D/L,10|Y/L",3,0.7,HLA-A*68:01,YYAMYRNNVAQTDVDTLYIMYRDYTWAVWAYTWY,0,0.0
ELFRSGLDSY,ALIRSGLDSF,"1|E/A,3|F/I,10|Y/F",3,0.7,HLA-A*68:01,YYAMYRNNVAQTDVDTLYIMYRDYTWAVWAYTWY,0,0.0
ELFRSGLDSY,RLFPSGLDTY,"1|E/R,4|R/P,9|S/T",3,0.7,HLA-A*68:01,YYAMYRNNVAQTDVDTLYIMYRDYTWAVWAYTWY,1,0.9999
ELFRSGLDSY,ARFPSGLDSY,"1|E/A,2|L/R,4|R/P",3,0.7,HLA-A*68:01,YYAMYRNNVAQTDVDTLYIMYRDYTWAVWAYTWY,0,0.0095
ELFRSGLDSY,ELLRSGLISL,"3|F/L,8|D/I,10|Y/L",3,0.7,HLA-A*68:01,YYAMYRNNVAQTDVDTLYIMYRDYTWAVWAYTWY,0,0.0
ELFRSGLDSY,RELRSGLDSY,"1|E/R,2|L/E,3|F/L",3,0.9,HLA-A*68:01,YYAMYRNNVAQTDVDTLYIMYRDYTWAVWAYTWY,0,0.0
ELFRSGLDSY,SLLRSGLDSF,"1|E/S,3|F/L,10|Y/F",3,0.7,HLA-A*68:01,YYAMYRNNVAQTDVDTLYIMYRDYTWAVWAYTWY,0,0.0
ELFRSGLDSY,REIRSGLDSY,"1|E/R,2|L/E,3|F/I",3,0.8,HLA-A*68:01,YYAMYRNNVAQTDVDTLYIMYRDYTWAVWAYTWY,0,0.0002
ELFRSGLDSY,REFPSGLDSY,"1|E/R,2|L/E,4|R/P",3,0.7,HLA-A*68:01,YYAMYRNNVAQTDVDTLYIMYRDYTWAVWAYTWY,0,0.0008
ELFRSGLDSY,SEIRSGLDSY,"1|E/S,2|L/E,3|F/I",3,0.8,HLA-A*68:01,YYAMYRNNVAQTDVDTLYIMYRDYTWAVWAYTWY,0,0.3833
ELFRSGLDSY,SLFESGLDTY,"1|E/S,4|R/E,9|S/T",3,0.7,HLA-A*68:01,YYAMYRNNVAQTDVDTLYIMYRDYTWAVWAYTWY,1,1.0
ELFRSGLDSY,AEFRSGLDSL,"1|E/A,2|L/E,10|Y/L",3,0.8,HLA-A*68:01,YYAMYRNNVAQTDVDTLYIMYRDYTWAVWAYTWY,0,0.0
ELFRSGLDSY,SLLRSGLDSL,"1|E/S,3|F/L,10|Y/L",3,0.7,HLA-A*68:01,YYAMYRNNVAQTDVDTLYIMYRDYTWAVWAYTWY,0,0.0
ELFRSGLDSY,ERIRSGLISY,"2|L/R,3|F/I,8|D/I",3,0.7,HLA-A*68:01,YYAMYRNNVAQTDVDTLYIMYRDYTWAVWAYTWY,0,0.0115
ELFRSGLDSY,ALFPSGLDTY,"1|E/A,4|R/P,9|S/T",3,0.7,HLA-A*68:01,YYAMYRNNVAQTDVDTLYIMYRDYTWAVWAYTWY,1,0.9976
ELFRSGLDSY,EEFRSGLVSF,"2|L/E,8|D/V,10|Y/F",3,0.7,HLA-A*68:01,YYAMYRNNVAQTDVDTLYIMYRDYTWAVWAYTWY,0,0.0
ELFRSGLDSY,ALFESGLDTY,"1|E/A,4|R/E,9|S/T",3,0.7,HLA-A*68:01,YYAMYRNNVAQTDVDTLYIMYRDYTWAVWAYTWY,1,1.0
ELFRSGLDSY,ELIRSGLLSF,"3|F/I,8|D/L,10|Y/F",3,0.7,HLA-A*68:01,YYAMYRNNVAQTDVDTLYIMYRDYTWAVWAYTWY,0,0.0
ELFRSGLDSY,AEFESGLDSY,"1|E/A,2|L/E,4|R/E",3,0.8,HLA-A*68:01,YYAMYRNNVAQTDVDTLYIMYRDYTWAVWAYTWY,1,0.5346
ELFRSGLDSY,AEFRSGLDTY,"1|E/A,2|L/E,9|S/T",3,0.8,HLA-A*68:01,YYAMYRNNVAQTDVDTLYIMYRDYTWAVWAYTWY,1,0.5124
ELFRSGLDSY,SLFPSGLDLY,"1|E/S,4|R/P,9|S/L",3,0.7,HLA-A*68:01,YYAMYRNNVAQTDVDTLYIMYRDYTWAVWAYTWY,1,1.0
ELFRSGLDSY,ERFRSGLVSF,"2|L/R,8|D/V,10|Y/F",3,0.7,HLA-A*68:01,YYAMYRNNVAQTDVDTLYIMYRDYTWAVWAYTWY,0,0.0
ELFRSGLDSY,ALLRSGLDSF,"1|E/A,3|F/L,10|Y/F",3,0.7,HLA-A*68:01,YYAMYRNNVAQTDVDTLYIMYRDYTWAVWAYTWY,0,0.0
ELFRSGLDSY,RRFDSGLDSY,"1|E/R,2|L/R,4|R/D",3,0.7,HLA-A*68:01,YYAMYRNNVAQTDVDTLYIMYRDYTWAVWAYTWY,0,0.3767
ELFRSGLDSY,AEFRSGLDLY,"1|E/A,2|L/E,9|S/L",3,0.8,HLA-A*68:01,YYAMYRNNVAQTDVDTLYIMYRDYTWAVWAYTWY,1,0.7557
ELFRSGLDSY,RLFESGLDLY,"1|E/R,4|R/E,9|S/L",3,0.7,HLA-A*68:01,YYAMYRNNVAQTDVDTLYIMYRDYTWAVWAYTWY,1,0.9935
ELFRSGLDSY,RRLRSGLDSY,"1|E/R,2|L/R,3|F/L",3,0.8,HLA-A*68:01,YYAMYRNNVAQTDVDTLYIMYRDYTWAVWAYTWY,0,0.0002
ELFRSGLDSY,EELRSGLLSY,"2|L/E,3|F/L,8|D/L",3,0.8,HLA-A*68:01,YYAMYRNNVAQTDVDTLYIMYRDYTWAVWAYTWY,0,0.0041
ELFRSGLDSY,ERFRSGLISL,"2|L/R,8|D/I,10|Y/L",3,0.7,HLA-A*68:01,YYAMYRNNVAQTDVDTLYIMYRDYTWAVWAYTWY,0,0.0
ELFRSGLDSY,ERFRSGLVSL,"2|L/R,8|D/V,10|Y/L",3,0.7,HLA-A*68:01,YYAMYRNNVAQTDVDTLYIMYRDYTWAVWAYTWY,0,0.0
ELFRSGLDSY,EEIRSGLVSY,"2|L/E,3|F/I,8|D/V",3,0.7,HLA-A*68:01,YYAMYRNNVAQTDVDTLYIMYRDYTWAVWAYTWY,0,0.1204
ELFRSGLDSY,EEFRSGLISF,"2|L/E,8|D/I,10|Y/F",3,0.7,HLA-A*68:01,YYAMYRNNVAQTDVDTLYIMYRDYTWAVWAYTWY,0,0.0
ELFRSGLDSY,SLIRSGLDSL,"1|E/S,3|F/I,10|Y/L",3,0.7,HLA-A*68:01,YYAMYRNNVAQTDVDTLYIMYRDYTWAVWAYTWY,0,0.0
ELFRSGLDSY,ELIRSGLISF,"3|F/I,8|D/I,10|Y/F",3,0.7,HLA-A*68:01,YYAMYRNNVAQTDVDTLYIMYRDYTWAVWAYTWY,0,0.0
ELFRSGLDSY,ALFDSGLDTY,"1|E/A,4|R/D,9|S/T",3,0.7,HLA-A*68:01,YYAMYRNNVAQTDVDTLYIMYRDYTWAVWAYTWY,1,0.9944
ELFRSGLDSY,ERFRSGLLSF,"2|L/R,8|D/L,10|Y/F",3,0.7,HLA-A*68:01,YYAMYRNNVAQTDVDTLYIMYRDYTWAVWAYTWY,0,0.0
ELFRSGLDSY,RLFDSGLDLY,"1|E/R,4|R/D,9|S/L",3,0.7,HLA-A*68:01,YYAMYRNNVAQTDVDTLYIMYRDYTWAVWAYTWY,1,0.9999
ELFRSGLDSY,ARFESGLDSY,"1|E/A,2|L/R,4|R/E",3,0.7,HLA-A*68:01,YYAMYRNNVAQTDVDTLYIMYRDYTWAVWAYTWY,0,0.0974
ELFRSGLDSY,RRFRSGLDSF,"1|E/R,2|L/R,10|Y/F",3,0.7,HLA-A*68:01,YYAMYRNNVAQTDVDTLYIMYRDYTWAVWAYTWY,0,0.0
ELFRSGLDSY,SRFRSGLDSL,"1|E/S,2|L/R,10|Y/L",3,0.7,HLA-A*68:01,YYAMYRNNVAQTDVDTLYIMYRDYTWAVWAYTWY,0,0.0
ELFRSGLDSY,RLFDSGLDTY,"1|E/R,4|R/D,9|S/T",3,0.7,HLA-A*68:01,YYAMYRNNVAQTDVDTLYIMYRDYTWAVWAYTWY,1,0.9896
ELFRSGLDSY,RRFRSGLDTY,"1|E/R,2|L/R,9|S/T",3,0.7,HLA-A*68:01,YYAMYRNNVAQTDVDTLYIMYRDYTWAVWAYTWY,0,0.0772
ELFRSGLDSY,EELRSGLISY,"2|L/E,3|F/L,8|D/I",3,0.8,HLA-A*68:01,YYAMYRNNVAQTDVDTLYIMYRDYTWAVWAYTWY,0,0.1149
ELFRSGLDSY,RRIRSGLDSY,"1|E/R,2|L/R,3|F/I",3,0.7,HLA-A*68:01,YYAMYRNNVAQTDVDTLYIMYRDYTWAVWAYTWY,0,0.0004
ELFRSGLDSY,ELLRSGLVSF,"3|F/L,8|D/V,10|Y/F",3,0.7,HLA-A*68:01,YYAMYRNNVAQTDVDTLYIMYRDYTWAVWAYTWY,0,0.0
ELFRSGLDSY,SEFRSGLDSF,"1|E/S,2|L/E,10|Y/F",3,0.8,HLA-A*68:01,YYAMYRNNVAQTDVDTLYIMYRDYTWAVWAYTWY,0,0.0
ELFRSGLDSY,ARFRSGLDSF,"1|E/A,2|L/R,10|Y/F",3,0.7,HLA-A*68:01,YYAMYRNNVAQTDVDTLYIMYRDYTWAVWAYTWY,0,0.0
ELFRSGLDSY,ALFPSGLDLY,"1|E/A,4|R/P,9|S/L",3,0.7,HLA-A*68:01,YYAMYRNNVAQTDVDTLYIMYRDYTWAVWAYTWY,1,0.9989
ELFRSGLDSY,RLFESGLDTY,"1|E/R,4|R/E,9|S/T",3,0.7,HLA-A*68:01,YYAMYRNNVAQTDVDTLYIMYRDYTWAVWAYTWY,1,0.995
ELFRSGLDSY,ARFRSGLDTY,"1|E/A,2|L/R,9|S/T",3,0.7,HLA-A*68:01,YYAMYRNNVAQTDVDTLYIMYRDYTWAVWAYTWY,0,0.2212
ELFRSGLDSY,SRFRSGLDSF,"1|E/S,2|L/R,10|Y/F",3,0.7,HLA-A*68:01,YYAMYRNNVAQTDVDTLYIMYRDYTWAVWAYTWY,0,0.0
ELFRSGLDSY,SEFRSGLDSL,"1|E/S,2|L/E,10|Y/L",3,0.8,HLA-A*68:01,YYAMYRNNVAQTDVDTLYIMYRDYTWAVWAYTWY,0,0.0
ELFRSGLDSY,SRFRSGLDLY,"1|E/S,2|L/R,9|S/L",3,0.7,HLA-A*68:01,YYAMYRNNVAQTDVDTLYIMYRDYTWAVWAYTWY,1,0.9187
ELFRSGLDSY,RRFESGLDSY,"1|E/R,2|L/R,4|R/E",3,0.7,HLA-A*68:01,YYAMYRNNVAQTDVDTLYIMYRDYTWAVWAYTWY,0,0.0298
ELFRSGLDSY,REFRSGLDTY,"1|E/R,2|L/E,9|S/T",3,0.8,HLA-A*68:01,YYAMYRNNVAQTDVDTLYIMYRDYTWAVWAYTWY,0,0.0044
ELFRSGLDSY,SRFPSGLDSY,"1|E/S,2|L/R,4|R/P",3,0.7,HLA-A*68:01,YYAMYRNNVAQTDVDTLYIMYRDYTWAVWAYTWY,1,0.5653
ELFRSGLDSY,EEIRSGLLSY,"2|L/E,3|F/I,8|D/L",3,0.7,HLA-A*68:01,YYAMYRNNVAQTDVDTLYIMYRDYTWAVWAYTWY,0,0.0554
ELFRSGLDSY,SLFESGLDLY,"1|E/S,4|R/E,9|S/L",3,0.7,HLA-A*68:01,YYAMYRNNVAQTDVDTLYIMYRDYTWAVWAYTWY,1,1.0
ELFRSGLDSY,ARLRSGLDSY,"1|E/A,2|L/R,3|F/L",3,0.8,HLA-A*68:01,YYAMYRNNVAQTDVDTLYIMYRDYTWAVWAYTWY,0,0.0001
ELFRSGLDSY,ARIRSGLDSF,"1|E/A,2|L/R,3|F/I,10|Y/F",4,0.6,HLA-A*68:01,YYAMYRNNVAQTDVDTLYIMYRDYTWAVWAYTWY,0,0.0
ELFRSGLDSY,AELRSGLDSF,"1|E/A,2|L/E,3|F/L,10|Y/F",4,0.8,HLA-A*68:01,YYAMYRNNVAQTDVDTLYIMYRDYTWAVWAYTWY,0,0.0
ELFRSGLDSY,AEFDSGLDTY,"1|E/A,2|L/E,4|R/D,9|S/T",4,0.7,HLA-A*68:01,YYAMYRNNVAQTDVDTLYIMYRDYTWAVWAYTWY,0,0.0113
ELFRSGLDSY,ARFDSGLDLY,"1|E/A,2|L/R,4|R/D,9|S/L",4,0.6,HLA-A*68:01,YYAMYRNNVAQTDVDTLYIMYRDYTWAVWAYTWY,1,0.8306
ELFRSGLDSY,RRFPSGLDLY,"1|E/R,2|L/R,4|R/P,9|S/L",4,0.6,HLA-A*68:01,YYAMYRNNVAQTDVDTLYIMYRDYTWAVWAYTWY,0,0.0701
ELFRSGLDSY,EEIRSGLLSL,"2|L/E,3|F/I,8|D/L,10|Y/L",4,0.6,HLA-A*68:01,YYAMYRNNVAQTDVDTLYIMYRDYTWAVWAYTWY,0,0.0
ELFRSGLDSY,SEFDSGLDLY,"1|E/S,2|L/E,4|R/D,9|S/L",4,0.7,HLA-A*68:01,YYAMYRNNVAQTDVDTLYIMYRDYTWAVWAYTWY,1,0.5127
ELFRSGLDSY,RRFESGLDTY,"1|E/R,2|L/R,4|R/E,9|S/T",4,0.6,HLA-A*68:01,YYAMYRNNVAQTDVDTLYIMYRDYTWAVWAYTWY,0,0.0731
ELFRSGLDSY,ERIRSGLLSL,"2|L/R,3|F/I,8|D/L,10|Y/L",4,0.6,HLA-A*68:01,YYAMYRNNVAQTDVDTLYIMYRDYTWAVWAYTWY,0,0.0
ELFRSGLDSY,EELRSGLVSL,"2|L/E,3|F/L,8|D/V,10|Y/L",4,0.7,HLA-A*68:01,YYAMYRNNVAQTDVDTLYIMYRDYTWAVWAYTWY,0,0.0
ELFRSGLDSY,ERLRSGLISL,"2|L/R,3|F/L,8|D/I,10|Y/L",4,0.7,HLA-A*68:01,YYAMYRNNVAQTDVDTLYIMYRDYTWAVWAYTWY,0,0.0
ELFRSGLDSY,ERLRSGLVSF,"2|L/R,3|F/L,8|D/V,10|Y/F",4,0.7,HLA-A*68:01,YYAMYRNNVAQTDVDTLYIMYRDYTWAVWAYTWY,0,0.0
ELFRSGLDSY,ERIRSGLISF,"2|L/R,3|F/I,8|D/I,10|Y/F",4,0.6,HLA-A*68:01,YYAMYRNNVAQTDVDTLYIMYRDYTWAVWAYTWY,0,0.0
ELFRSGLDSY,REIRSGLDSL,"1|E/R,2|L/E,3|F/I,10|Y/L",4,0.7,HLA-A*68:01,YYAMYRNNVAQTDVDTLYIMYRDYTWAVWAYTWY,0,0.0
ELFRSGLDSY,ERLRSGLLSL,"2|L/R,3|F/L,8|D/L,10|Y/L",4,0.7,HLA-A*68:01,YYAMYRNNVAQTDVDTLYIMYRDYTWAVWAYTWY,0,0.0
ELFRSGLDSY,ARFESGLDTY,"1|E/A,2|L/R,4|R/E,9|S/T",4,0.6,HLA-A*68:01,YYAMYRNNVAQTDVDTLYIMYRDYTWAVWAYTWY,0,0.2587
ELFRSGLDSY,AEFESGLDLY,"1|E/A,2|L/E,4|R/E,9|S/L",4,0.7,HLA-A*68:01,YYAMYRNNVAQTDVDTLYIMYRDYTWAVWAYTWY,1,0.8289
ELFRSGLDSY,SRLRSGLDSL,"1|E/S,2|L/R,3|F/L,10|Y/L",4,0.7,HLA-A*68:01,YYAMYRNNVAQTDVDTLYIMYRDYTWAVWAYTWY,0,0.0
ELFRSGLDSY,RRIRSGLDSL,"1|E/R,2|L/R,3|F/I,10|Y/L",4,0.6,HLA-A*68:01,YYAMYRNNVAQTDVDTLYIMYRDYTWAVWAYTWY,0,0.0
ELFRSGLDSY,SEFDSGLDTY,"1|E/S,2|L/E,4|R/D,9|S/T",4,0.7,HLA-A*68:01,YYAMYRNNVAQTDVDTLYIMYRDYTWAVWAYTWY,0,0.0768
ELFRSGLDSY,EELRSGLISL,"2|L/E,3|F/L,8|D/I,10|Y/L",4,0.7,HLA-A*68:01,YYAMYRNNVAQTDVDTLYIMYRDYTWAVWAYTWY,0,0.0
ELFRSGLDSY,SRIRSGLDSF,"1|E/S,2|L/R,3|F/I,10|Y/F",4,0.6,HLA-A*68:01,YYAMYRNNVAQTDVDTLYIMYRDYTWAVWAYTWY,0,0.0
ELFRSGLDSY,ARLRSGLDSF,"1|E/A,2|L/R,3|F/L,10|Y/F",4,0.7,HLA-A*68:01,YYAMYRNNVAQTDVDTLYIMYRDYTWAVWAYTWY,0,0.0
ELFRSGLDSY,EELRSGLVSF,"2|L/E,3|F/L,8|D/V,10|Y/F",4,0.7,HLA-A*68:01,YYAMYRNNVAQTDVDTLYIMYRDYTWAVWAYTWY,0,0.0
ELFRSGLDSY,RRFPSGLDTY,"1|E/R,2|L/R,4|R/P,9|S/T",4,0.6,HLA-A*68:01,YYAMYRNNVAQTDVDTLYIMYRDYTWAVWAYTWY,0,0.1604
ELFRSGLDSY,ERIRSGLLSF,"2|L/R,3|F/I,8|D/L,10|Y/F",4,0.6,HLA-A*68:01,YYAMYRNNVAQTDVDTLYIMYRDYTWAVWAYTWY,0,0.0
ELFRSGLDSY,RRLRSGLDSL,"1|E/R,2|L/R,3|F/L,10|Y/L",4,0.7,HLA-A*68:01,YYAMYRNNVAQTDVDTLYIMYRDYTWAVWAYTWY,0,0.0
ELFRSGLDSY,AEFPSGLDLY,"1|E/A,2|L/E,4|R/P,9|S/L",4,0.7,HLA-A*68:01,YYAMYRNNVAQTDVDTLYIMYRDYTWAVWAYTWY,0,0.0705
ELFRSGLDSY,ARFPSGLDTY,"1|E/A,2|L/R,4|R/P,9|S/T",4,0.6,HLA-A*68:01,YYAMYRNNVAQTDVDTLYIMYRDYTWAVWAYTWY,1,0.5247
ELFRSGLDSY,SRFESGLDLY,"1|E/S,2|L/R,4|R/E,9|S/L",4,0.6,HLA-A*68:01,YYAMYRNNVAQTDVDTLYIMYRDYTWAVWAYTWY,1,0.754
ELFRSGLDSY,ERIRSGLVSL,"2|L/R,3|F/I,8|D/V,10|Y/L",4,0.6,HLA-A*68:01,YYAMYRNNVAQTDVDTLYIMYRDYTWAVWAYTWY,0,0.0
ELFRSGLDSY,SEIRSGLDSL,"1|E/S,2|L/E,3|F/I,10|Y/L",4,0.7,HLA-A*68:01,YYAMYRNNVAQTDVDTLYIMYRDYTWAVWAYTWY,0,0.0
ELFRSGLDSY,ERLRSGLISF,"2|L/R,3|F/L,8|D/I,10|Y/F",4,0.7,HLA-A*68:01,YYAMYRNNVAQTDVDTLYIMYRDYTWAVWAYTWY,0,0.0
ELFRSGLDSY,REIRSGLDSF,"1|E/R,2|L/E,3|F/I,10|Y/F",4,0.7,HLA-A*68:01,YYAMYRNNVAQTDVDTLYIMYRDYTWAVWAYTWY,0,0.0
ELFRSGLDSY,EEIRSGLISL,"2|L/E,3|F/I,8|D/I,10|Y/L",4,0.6,HLA-A*68:01,YYAMYRNNVAQTDVDTLYIMYRDYTWAVWAYTWY,0,0.0
ELFRSGLDSY,RRIRSGLDSF,"1|E/R,2|L/R,3|F/I,10|Y/F",4,0.6,HLA-A*68:01,YYAMYRNNVAQTDVDTLYIMYRDYTWAVWAYTWY,0,0.0
ELFRSGLDSY,EELRSGLLSL,"2|L/E,3|F/L,8|D/L,10|Y/L",4,0.7,HLA-A*68:01,YYAMYRNNVAQTDVDTLYIMYRDYTWAVWAYTWY,0,0.0
ELFRSGLDSY,AEIRSGLDSF,"1|E/A,2|L/E,3|F/I,10|Y/F",4,0.7,HLA-A*68:01,YYAMYRNNVAQTDVDTLYIMYRDYTWAVWAYTWY,0,0.0
ELFRSGLDSY,SRFESGLDTY,"1|E/S,2|L/R,4|R/E,9|S/T",4,0.6,HLA-A*68:01,YYAMYRNNVAQTDVDTLYIMYRDYTWAVWAYTWY,1,0.9605
ELFRSGLDSY,RELRSGLDSF,"1|E/R,2|L/E,3|F/L,10|Y/F",4,0.8,HLA-A*68:01,YYAMYRNNVAQTDVDTLYIMYRDYTWAVWAYTWY,0,0.0
ELFRSGLDSY,ARFDSGLDTY,"1|E/A,2|L/R,4|R/D,9|S/T",4,0.6,HLA-A*68:01,YYAMYRNNVAQTDVDTLYIMYRDYTWAVWAYTWY,1,0.6238
ELFRSGLDSY,EEIRSGLLSF,"2|L/E,3|F/I,8|D/L,10|Y/F",4,0.6,HLA-A*68:01,YYAMYRNNVAQTDVDTLYIMYRDYTWAVWAYTWY,0,0.0
ELFRSGLDSY,EELRSGLISF,"2|L/E,3|F/L,8|D/I,10|Y/F",4,0.7,HLA-A*68:01,YYAMYRNNVAQTDVDTLYIMYRDYTWAVWAYTWY,0,0.0
ELFRSGLDSY,SRFDSGLDLY,"1|E/S,2|L/R,4|R/D,9|S/L",4,0.6,HLA-A*68:01,YYAMYRNNVAQTDVDTLYIMYRDYTWAVWAYTWY,1,0.9992
ELFRSGLDSY,ERIRSGLISL,"2|L/R,3|F/I,8|D/I,10|Y/L",4,0.6,HLA-A*68:01,YYAMYRNNVAQTDVDTLYIMYRDYTWAVWAYTWY,0,0.0
ELFRSGLDSY,SEFESGLDTY,"1|E/S,2|L/E,4|R/E,9|S/T",4,0.7,HLA-A*68:01,YYAMYRNNVAQTDVDTLYIMYRDYTWAVWAYTWY,1,0.7105
ELFRSGLDSY,SEFPSGLDTY,"1|E/S,2|L/E,4|R/P,9|S/T",4,0.7,HLA-A*68:01,YYAMYRNNVAQTDVDTLYIMYRDYTWAVWAYTWY,0,0.0219
ELFRSGLDSY,RRFDSGLDTY,"1|E/R,2|L/R,4|R/D,9|S/T",4,0.6,HLA-A*68:01,YYAMYRNNVAQTDVDTLYIMYRDYTWAVWAYTWY,0,0.446
ELFRSGLDSY,SELRSGLDSF,"1|E/S,2|L/E,3|F/L,10|Y/F",4,0.8,HLA-A*68:01,YYAMYRNNVAQTDVDTLYIMYRDYTWAVWAYTWY,0,0.0
ELFRSGLDSY,RRFESGLDLY,"1|E/R,2|L/R,4|R/E,9|S/L",4,0.6,HLA-A*68:01,YYAMYRNNVAQTDVDTLYIMYRDYTWAVWAYTWY,0,0.0145
ELFRSGLDSY,REFPSGLDLY,"1|E/R,2|L/E,4|R/P,9|S/L",4,0.6,HLA-A*68:01,YYAMYRNNVAQTDVDTLYIMYRDYTWAVWAYTWY,0,0.0167
ELFRSGLDSY,REFESGLDTY,"1|E/R,2|L/E,4|R/E,9|S/T",4,0.6,HLA-A*68:01,YYAMYRNNVAQTDVDTLYIMYRDYTWAVWAYTWY,0,0.0246
ELFRSGLDSY,SRFPSGLDLY,"1|E/S,2|L/R,4|R/P,9|S/L",4,0.6,HLA-A*68:01,YYAMYRNNVAQTDVDTLYIMYRDYTWAVWAYTWY,1,0.9709
ELFRSGLDSY,ERIRSGLVSF,"2|L/R,3|F/I,8|D/V,10|Y/F",4,0.6,HLA-A*68:01,YYAMYRNNVAQTDVDTLYIMYRDYTWAVWAYTWY,0,0.0
ELFRSGLDSY,ERLRSGLLSF,"2|L/R,3|F/L,8|D/L,10|Y/F",4,0.7,HLA-A*68:01,YYAMYRNNVAQTDVDTLYIMYRDYTWAVWAYTWY,0,0.0
ELFRSGLDSY,RELRSGLDSL,"1|E/R,2|L/E,3|F/L,10|Y/L",4,0.8,HLA-A*68:01,YYAMYRNNVAQTDVDTLYIMYRDYTWAVWAYTWY,0,0.0
ELFRSGLDSY,REFDSGLDTY,"1|E/R,2|L/E,4|R/D,9|S/T",4,0.6,HLA-A*68:01,YYAMYRNNVAQTDVDTLYIMYRDYTWAVWAYTWY,0,0.0032
ELFRSGLDSY,REFPSGLDTY,"1|E/R,2|L/E,4|R/P,9|S/T",4,0.6,HLA-A*68:01,YYAMYRNNVAQTDVDTLYIMYRDYTWAVWAYTWY,0,0.0056
ELFRSGLDSY,EEIRSGLVSF,"2|L/E,3|F/I,8|D/V,10|Y/F",4,0.6,HLA-A*68:01,YYAMYRNNVAQTDVDTLYIMYRDYTWAVWAYTWY,0,0.0
ELFRSGLDSY,RRLRSGLDSF,"1|E/R,2|L/R,3|F/L,10|Y/F",4,0.7,HLA-A*68:01,YYAMYRNNVAQTDVDTLYIMYRDYTWAVWAYTWY,0,0.0
ELFRSGLDSY,ARFPSGLDLY,"1|E/A,2|L/R,4|R/P,9|S/L",4,0.6,HLA-A*68:01,YYAMYRNNVAQTDVDTLYIMYRDYTWAVWAYTWY,0,0.1208
ELFRSGLDSY,SEFESGLDLY,"1|E/S,2|L/E,4|R/E,9|S/L",4,0.7,HLA-A*68:01,YYAMYRNNVAQTDVDTLYIMYRDYTWAVWAYTWY,1,0.8054
ELFRSGLDSY,REFDSGLDLY,"1|E/R,2|L/E,4|R/D,9|S/L",4,0.6,HLA-A*68:01,YYAMYRNNVAQTDVDTLYIMYRDYTWAVWAYTWY,0,0.0315
ELFRSGLDSY,ERLRSGLVSL,"2|L/R,3|F/L,8|D/V,10|Y/L",4,0.7,HLA-A*68:01,YYAMYRNNVAQTDVDTLYIMYRDYTWAVWAYTWY,0,0.0
ELFRSGLDSY,SRLRSGLDSF,"1|E/S,2|L/R,3|F/L,10|Y/F",4,0.7,HLA-A*68:01,YYAMYRNNVAQTDVDTLYIMYRDYTWAVWAYTWY,0,0.0
ELFRSGLDSY,SELRSGLDSL,"1|E/S,2|L/E,3|F/L,10|Y/L",4,0.8,HLA-A*68:01,YYAMYRNNVAQTDVDTLYIMYRDYTWAVWAYTWY,0,0.0
ELFRSGLDSY,SRIRSGLDSL,"1|E/S,2|L/R,3|F/I,10|Y/L",4,0.6,HLA-A*68:01,YYAMYRNNVAQTDVDTLYIMYRDYTWAVWAYTWY,0,0.0
ELFRSGLDSY,AELRSGLDSL,"1|E/A,2|L/E,3|F/L,10|Y/L",4,0.8,HLA-A*68:01,YYAMYRNNVAQTDVDTLYIMYRDYTWAVWAYTWY,0,0.0
ELFRSGLDSY,ARLRSGLDSL,"1|E/A,2|L/R,3|F/L,10|Y/L",4,0.7,HLA-A*68:01,YYAMYRNNVAQTDVDTLYIMYRDYTWAVWAYTWY,0,0.0
ELFRSGLDSY,RRFDSGLDLY,"1|E/R,2|L/R,4|R/D,9|S/L",4,0.6,HLA-A*68:01,YYAMYRNNVAQTDVDTLYIMYRDYTWAVWAYTWY,1,0.5384
ELFRSGLDSY,AEFDSGLDLY,"1|E/A,2|L/E,4|R/D,9|S/L",4,0.7,HLA-A*68:01,YYAMYRNNVAQTDVDTLYIMYRDYTWAVWAYTWY,0,0.2079
ELFRSGLDSY,ARFESGLDLY,"1|E/A,2|L/R,4|R/E,9|S/L",4,0.6,HLA-A*68:01,YYAMYRNNVAQTDVDTLYIMYRDYTWAVWAYTWY,0,0.0172
ELFRSGLDSY,REFESGLDLY,"1|E/R,2|L/E,4|R/E,9|S/L",4,0.6,HLA-A*68:01,YYAMYRNNVAQTDVDTLYIMYRDYTWAVWAYTWY,0,0.0124
ELFRSGLDSY,AEFPSGLDTY,"1|E/A,2|L/E,4|R/P,9|S/T",4,0.7,HLA-A*68:01,YYAMYRNNVAQTDVDTLYIMYRDYTWAVWAYTWY,0,0.0123
ELFRSGLDSY,AEIRSGLDSL,"1|E/A,2|L/E,3|F/I,10|Y/L",4,0.7,HLA-A*68:01,YYAMYRNNVAQTDVDTLYIMYRDYTWAVWAYTWY,0,0.0
ELFRSGLDSY,SRFPSGLDTY,"1|E/S,2|L/R,4|R/P,9|S/T",4,0.6,HLA-A*68:01,YYAMYRNNVAQTDVDTLYIMYRDYTWAVWAYTWY,1,0.9814
ELFRSGLDSY,EEIRSGLISF,"2|L/E,3|F/I,8|D/I,10|Y/F",4,0.6,HLA-A*68:01,YYAMYRNNVAQTDVDTLYIMYRDYTWAVWAYTWY,0,0.0
ELFRSGLDSY,SEFPSGLDLY,"1|E/S,2|L/E,4|R/P,9|S/L",4,0.7,HLA-A*68:01,YYAMYRNNVAQTDVDTLYIMYRDYTWAVWAYTWY,0,0.262
ELFRSGLDSY,SRFDSGLDTY,"1|E/S,2|L/R,4|R/D,9|S/T",4,0.6,HLA-A*68:01,YYAMYRNNVAQTDVDTLYIMYRDYTWAVWAYTWY,1,0.9924
ELFRSGLDSY,EEIRSGLVSL,"2|L/E,3|F/I,8|D/V,10|Y/L",4,0.6,HLA-A*68:01,YYAMYRNNVAQTDVDTLYIMYRDYTWAVWAYTWY,0,0.0
ELFRSGLDSY,ARIRSGLDSL,"1|E/A,2|L/R,3|F/I,10|Y/L",4,0.6,HLA-A*68:01,YYAMYRNNVAQTDVDTLYIMYRDYTWAVWAYTWY,0,0.0
ELFRSGLDSY,AEFESGLDTY,"1|E/A,2|L/E,4|R/E,9|S/T",4,0.7,HLA-A*68:01,YYAMYRNNVAQTDVDTLYIMYRDYTWAVWAYTWY,1,0.899
ELFRSGLDSY,SEIRSGLDSF,"1|E/S,2|L/E,3|F/I,10|Y/F",4,0.7,HLA-A*68:01,YYAMYRNNVAQTDVDTLYIMYRDYTWAVWAYTWY,0,0.0
ELFRSGLDSY,EELRSGLLSF,"2|L/E,3|F/L,8|D/L,10|Y/F",4,0.7,HLA-A*68:01,YYAMYRNNVAQTDVDTLYIMYRDYTWAVWAYTWY,0,0.0
